Player Name,Total played,Started,Minutes per game,Goals,Scoring frequency,Goals per game,Shots per game,Shots on target per game,Goal conversion,Penalty goals,Penalty conversion,Assists,Key passes,Accurate per game,Acc. long balls,Acc. crosses,Interceptions per game,Balls recovered per game,Dribbled past per game,Clearances per game,Error led to shot,Succ. dribbles,Total duels won,Aerial duels won,Fouls,Was fouled,Offsides,Yellow,Yellow-Red,Red cards,NATIONALITY,27 APR 1995,HEIGHT,PREFERRED FOOT,SHIRT NUMBER,POSITION,31 MAR 2001,5 JAN 2005,24 AUG 1992,25 APR 1996,14 NOV 1999,31 OCT 1995,9 FEB 2000,21 JUN 1989,31 JAN 1999,22 JAN 2006,1 JAN 2008,Clean sheets,26 MAR 2000,16 APR 1999,18 JAN 2002,1 JAN 1997,31 JUL 1999,13 JAN 1996,11 OCT 1999,3 JUN 1998,26 JUL 2005,Goals conceded per game,Saves per game,Goals conceded,Saves made,Goal kicks per game,22 AUG 1992,23 MAR 1987,25 FEB 1992,29 APR 1991,18 SEPT 2003,29 NOV 1998,17 JUN 1992,29 JUN 1996,22 MAR 1998,8 NOV 1993,12 JAN 1996,16 DEC 1998,14 JUL 1994,22 AUG 1988,6 NOV 1993,28 JUL 1992,19 NOV 1990,28 NOV 1992,5 JUN 1997,8 SEPT 2001,14 JUL 1990,21 FEB 1997,24 SEPT 1997,10 JUL 1998,10 JUN 1993,31 AUG 1999,6 JUN 1993,25 JUN 1998,26 JUL 1994,12 JAN 1997,7 MAY 1997,10 OCT 1997,14 APR 1997,18 MAY 2003,10 APR 1992,20 OCT 1992,21 NOV 2000,19 JUL 1994,21 AUG 1995,23 DEC 1999,27 JAN 2004,8 JAN 1997,24 DEC 1991,24 NOV 1999,12 APR 2000,7 APR 1995,11 NOV 1992,8 MAY 2001,9 APR 2001,6 MAR 1991,9 SEPT 1996,1 AUG 2000,18 AUG 2001,7 FEB 1994,25 JAN 1991,8 NOV 1998,30 DEC 1998,11 SEPT 1997,15 JUL 1998,31 MAY 2001,13 JUN 2005,2 JAN 1998,22 DEC 1990,9 MAY 1988,14 OCT 2000,2 JUL 2003,2 FEB 1994,17 FEB 1998,12 OCT 2005,13 FEB 1999,11 FEB 1991,13 JUN 2003,25 SEPT 2000,2 MAR 1999,8 MAY 2004,10 MAR 1999,24 JUL 1987,7 DEC 1998,23 NOV 1995,2 OCT 1994,22 JUN 1995,11 JAN 1992,14 MAY 2003,16 JUL 2002,6 JAN 1988,20 APR 1991,24 SEPT 2000,19 APR 1997,22 FEB 1997,8 FEB 2003,15 JAN 1993,25 MAR 1996,1 JUL 2004,5 FEB 1988,17 SEPT 1988,19 DEC 1995,26 DEC 2004,11 APR 1998,6 MAR 2001,2 AUG 1986,13 MAY 1992,13 AUG 1999,2 MAY 1989,20 AUG 1993,24 FEB 2003,20 JUL 2004,9 DEC 1999,30 MAY 1998,5 MAY 2004,10 MAY 2000,31 MAY 1998,25 FEB 1999,28 FEB 1997,24 FEB 2004,2 APR 1984,21 JUN 2005,4 FEB 1992,4 JUN 2000,27 JUN 2006,2 FEB 2002,27 APR 1999,25 FEB 2001,5 SEPT 2002,29 MAR 2003,14 OCT 2004,26 MAR 2006,26 JUN 2008,7 MAY 1999,10 NOV 2002,6 APR 2004,31 MAY 2002,20 JAN 2005,22 MAR 2007,13 APR 2001,9 JAN 2004,11 JAN 2003,5 AUG 2005,18 SEPT 2005,18 FEB 2003,24 DEC 2004,23 OCT 2004,12 JUL 1992,21 SEPT 1993,7 NOV 2001,30 OCT 1994,8 JUL 1992,9 JAN 2002,8 NOV 2000,2 MAY 1996,17 DEC 2001,23 NOV 2004,18 MAY 1995,14 FEB 1995,30 MAY 1995,28 APR 2000,5 DEC 2006,15 FEB 1995,21 AUG 2001,14 NOV 2000
boris kopitovic,13,13,90,12,101 min,0.9,2.9,1.5,32%,4/4,100%,2,1.5,12.8 (80%),0.3 (67%),0.5 (33%),1.4,1.3,0.2,0.4,1,0.9 (92%),4.3 (25%),0.0 (0%),1.2,0.6,1.1,1,0,0,MNE,29 yrs,189 cm,Both,9,F,,,,,,,,,,,,,,,,,,,,,,,,,,,,,,,,,,,,,,,,,,,,,,,,,,,,,,,,,,,,,,,,,,,,,,,,,,,,,,,,,,,,,,,,,,,,,,,,,,,,,,,,,,,,,,,,,,,,,,,,,,,,,,,,,,,,,,,,,,,,,,,,,,,,,,,,,,,,,,,,,,,,,,,,,,,,,,,,,,,,,,,,,
kunori seia,13,13,90,10,119 min,0.8,3.5,1.7,22%,0,0%,4,1.2,22.2 (75%),1.3 (55%),1.2 (28%),1.9,3.0,1.2,0.5,2,2.2 (68%),4.8 (33%),0.5 (29%),0.8,0.6,0.2,0,0,0,JPN,,180 cm,Right,7,F,23 yrs,,,,,,,,,,,,,,,,,,,,,,,,,,,,,,,,,,,,,,,,,,,,,,,,,,,,,,,,,,,,,,,,,,,,,,,,,,,,,,,,,,,,,,,,,,,,,,,,,,,,,,,,,,,,,,,,,,,,,,,,,,,,,,,,,,,,,,,,,,,,,,,,,,,,,,,,,,,,,,,,,,,,,,,,,,,,,,,,,,,,,,,,
thitipat ekarunpong,1,0,10,0,,0.0,0.0,0.0,0%,0,0%,0,0.0,3.0 (75%),0.0 (0%),0.0 (0%),0.0,0.0,0.0,0.0,0,0.0 (0%),0.0 (0%),0.0 (0%),0.0,0.0,0.0,0,0,0,THA,,183 cm,Left,,F,,19 yrs,,,,,,,,,,,,,,,,,,,,,,,,,,,,,,,,,,,,,,,,,,,,,,,,,,,,,,,,,,,,,,,,,,,,,,,,,,,,,,,,,,,,,,,,,,,,,,,,,,,,,,,,,,,,,,,,,,,,,,,,,,,,,,,,,,,,,,,,,,,,,,,,,,,,,,,,,,,,,,,,,,,,,,,,,,,,,,,,,,,,,,,
faris ramli,13,12,82,4,265 min,0.3,2.2,0.9,14%,0,0%,5,2.5,20.7 (71%),0.5 (39%),2.1 (39%),1.3,3.3,1.2,0.2,3,4.1 (82%),6.4 (48%),0.2 (30%),0.4,0.8,0.5,1,0,0,SIN,,168 cm,Right,30,M,,,32 yrs,,,,,,,,,,,,,,,,,,,,,,,,,,,,,,,,,,,,,,,,,,,,,,,,,,,,,,,,,,,,,,,,,,,,,,,,,,,,,,,,,,,,,,,,,,,,,,,,,,,,,,,,,,,,,,,,,,,,,,,,,,,,,,,,,,,,,,,,,,,,,,,,,,,,,,,,,,,,,,,,,,,,,,,,,,,,,,,,,,,,,,
kyoga nakamura,13,13,90,0,,0.0,2.2,0.5,0%,0,0%,3,1.3,59.1 (87%),4.3 (66%),0.8 (46%),3.2,6.2,2.1,1.2,5,2.2 (88%),5.8 (44%),0.4 (56%),1.0,1.6,0.0,1,0,0,JPN,,166 cm,Left,10,M,,,,28 yrs,,,,,,,,,,,,,,,,,,,,,,,,,,,,,,,,,,,,,,,,,,,,,,,,,,,,,,,,,,,,,,,,,,,,,,,,,,,,,,,,,,,,,,,,,,,,,,,,,,,,,,,,,,,,,,,,,,,,,,,,,,,,,,,,,,,,,,,,,,,,,,,,,,,,,,,,,,,,,,,,,,,,,,,,,,,,,,,,,,,,,
shah shahiran,13,12,90,0,,0.0,0.7,0.2,0%,0,0%,2,0.9,54.0 (92%),2.8 (77%),0.2 (30%),3.6,6.8,1.9,0.5,5,0.8 (91%),3.9 (34%),0.1 (14%),0.8,1.1,0.0,3,0,0,SIN,,173 cm,Right,8,M,,,,,24 yrs,,,,,,,,,,,,,,,,,,,,,,,,,,,,,,,,,,,,,,,,,,,,,,,,,,,,,,,,,,,,,,,,,,,,,,,,,,,,,,,,,,,,,,,,,,,,,,,,,,,,,,,,,,,,,,,,,,,,,,,,,,,,,,,,,,,,,,,,,,,,,,,,,,,,,,,,,,,,,,,,,,,,,,,,,,,,,,,,,,,,
taufik suparno,13,0,24,3,106 min,0.2,1.1,0.7,21%,0,0%,2,0.2,3.8 (77%),0.2 (100%),0.2 (27%),0.9,1.5,0.4,0.5,1,1.0 (62%),3.5 (42%),1.1 (58%),0.6,0.5,0.1,2,1,1,SIN,,165 cm,Right,13,M,,,,,,28 yrs,,,,,,,,,,,,,,,,,,,,,,,,,,,,,,,,,,,,,,,,,,,,,,,,,,,,,,,,,,,,,,,,,,,,,,,,,,,,,,,,,,,,,,,,,,,,,,,,,,,,,,,,,,,,,,,,,,,,,,,,,,,,,,,,,,,,,,,,,,,,,,,,,,,,,,,,,,,,,,,,,,,,,,,,,,,,,,,,,,,
joel chew joon herng,2,0,14,0,,0.0,0.0,0.0,0%,0,0%,0,0.5,7.0 (82%),0.0 (0%),0.0 (0%),0.5,0.0,0.0,0.5,0,0.0 (0%),0.0 (0%),0.0 (0%),0.0,0.0,0.0,0,0,0,SIN,,168 cm,Right,12,M,,,,,,,24 yrs,,,,,,,,,,,,,,,,,,,,,,,,,,,,,,,,,,,,,,,,,,,,,,,,,,,,,,,,,,,,,,,,,,,,,,,,,,,,,,,,,,,,,,,,,,,,,,,,,,,,,,,,,,,,,,,,,,,,,,,,,,,,,,,,,,,,,,,,,,,,,,,,,,,,,,,,,,,,,,,,,,,,,,,,,,,,,,,,,,
yasir hanapi,12,3,28,1,336 min,0.1,0.4,0.2,20%,0,0%,3,0.8,14.7 (90%),0.4 (83%),0.6 (70%),0.6,0.8,0.3,0.3,3,0.3 (67%),1.8 (28%),0.3 (57%),0.3,0.4,0.0,0,0,0,SIN,,170 cm,Right,18,M,,,,,,,,35 yrs,,,,,,,,,,,,,,,,,,,,,,,,,,,,,,,,,,,,,,,,,,,,,,,,,,,,,,,,,,,,,,,,,,,,,,,,,,,,,,,,,,,,,,,,,,,,,,,,,,,,,,,,,,,,,,,,,,,,,,,,,,,,,,,,,,,,,,,,,,,,,,,,,,,,,,,,,,,,,,,,,,,,,,,,,,,,,,,,,
saifullah akbar,9,2,33,0,,0.0,0.2,0.1,0%,0,0%,0,0.2,14.9 (87%),0.8 (100%),0.0 (0%),1.2,2.8,0.4,0.4,4,0.6 (71%),2.1 (32%),0.1 (13%),0.3,0.7,0.0,0,0,0,SIN,,165 cm,Right,20,M,,,,,,,,,25 yrs,,,,,,,,,,,,,,,,,,,,,,,,,,,,,,,,,,,,,,,,,,,,,,,,,,,,,,,,,,,,,,,,,,,,,,,,,,,,,,,,,,,,,,,,,,,,,,,,,,,,,,,,,,,,,,,,,,,,,,,,,,,,,,,,,,,,,,,,,,,,,,,,,,,,,,,,,,,,,,,,,,,,,,,,,,,,,,,,
caelan cheong tze jay,4,0,7,0,,0.0,0.0,0.0,0%,0,0%,0,0.0,1.0 (67%),0.0 (0%),0.0 (0%),0.5,1.0,0.5,0.3,0,0.0 (0%),1.3 (45%),0.3 (0%),0.0,0.3,0.0,0,0,0,SIN,,,,58,M,,,,,,,,,,18 yrs,,,,,,,,,,,,,,,,,,,,,,,,,,,,,,,,,,,,,,,,,,,,,,,,,,,,,,,,,,,,,,,,,,,,,,,,,,,,,,,,,,,,,,,,,,,,,,,,,,,,,,,,,,,,,,,,,,,,,,,,,,,,,,,,,,,,,,,,,,,,,,,,,,,,,,,,,,,,,,,,,,,,,,,,,,,,,,,
kieran tan,1,0,3,0,,0.0,0.0,0.0,0%,0,0%,0,0.0,5.0 (100%),0.0 (0%),0.0 (0%),0.0,1.0,0.0,0.0,0,0.0 (0%),0.0 (0%),0.0 (0%),0.0,0.0,0.0,0,0,0,SIN,,,,80,M,,,,,,,,,,,16 yrs,,,,,,,,,,,,,,,,,,,,,,,,,,,,,,,,,,,,,,,,,,,,,,,,,,,,,,,,,,,,,,,,,,,,,,,,,,,,,,,,,,,,,,,,,,,,,,,,,,,,,,,,,,,,,,,,,,,,,,,,,,,,,,,,,,,,,,,,,,,,,,,,,,,,,,,,,,,,,,,,,,,,,,,,,,,,,,
glenn kweh,13,11,74,4,240 min,0.3,1.3,0.7,24%,0,0%,3,1.3,19.6 (77%),0.5 (38%),0.9 (29%),1.8,3.2,1.3,0.3,2,1.7 (61%),3.7 (35%),0.2 (43%),0.5,0.5,0.0,0,0,0,SIN,,172 cm,Left,11,D,,,,,,,,,,,,0,24 yrs,,,,,,,,,,,,,,,,,,,,,,,,,,,,,,,,,,,,,,,,,,,,,,,,,,,,,,,,,,,,,,,,,,,,,,,,,,,,,,,,,,,,,,,,,,,,,,,,,,,,,,,,,,,,,,,,,,,,,,,,,,,,,,,,,,,,,,,,,,,,,,,,,,,,,,,,,,,,,,,,,,,,,,,,,,,,
shuya yamashita,12,12,90,1,1182 min,0.1,0.8,0.4,10%,0,0%,0,0.2,71.0 (94%),2.1 (53%),0.0 (0%),3.5,10.3,1.8,1.9,10,0.0 (0%),4.8 (42%),2.7 (57%),1.3,0.5,0.1,1,0,0,JPN,,180 cm,Right,4,D,,,,,,,,,,,,0,,25 yrs,,,,,,,,,,,,,,,,,,,,,,,,,,,,,,,,,,,,,,,,,,,,,,,,,,,,,,,,,,,,,,,,,,,,,,,,,,,,,,,,,,,,,,,,,,,,,,,,,,,,,,,,,,,,,,,,,,,,,,,,,,,,,,,,,,,,,,,,,,,,,,,,,,,,,,,,,,,,,,,,,,,,,,,,,,,
jared gallagher,11,7,55,0,,0.0,0.1,0.0,0%,0,0%,0,0.2,24.0 (93%),1.0 (73%),0.4 (80%),2.0,5.0,2.9,1.5,5,0.1 (50%),3.2 (34%),0.5 (75%),0.9,0.2,0.0,0,0,0,SIN,,175 cm,Right,6,D,,,,,,,,,,,,0,,,22 yrs,,,,,,,,,,,,,,,,,,,,,,,,,,,,,,,,,,,,,,,,,,,,,,,,,,,,,,,,,,,,,,,,,,,,,,,,,,,,,,,,,,,,,,,,,,,,,,,,,,,,,,,,,,,,,,,,,,,,,,,,,,,,,,,,,,,,,,,,,,,,,,,,,,,,,,,,,,,,,,,,,,,,,,,,,,
milos zlatkovic,12,12,90,2,559 min,0.2,1.1,0.3,15%,0,0%,0,0.3,59.1 (92%),4.1 (56%),0.0 (0%),4.3,10.6,2.3,2.2,8,0.9 (92%),5.3 (48%),1.7 (65%),1.1,0.8,0.0,5,0,0,SRB,,182 cm,Left,33,D,,,,,,,,,,,,0,,,,27 yrs,,,,,,,,,,,,,,,,,,,,,,,,,,,,,,,,,,,,,,,,,,,,,,,,,,,,,,,,,,,,,,,,,,,,,,,,,,,,,,,,,,,,,,,,,,,,,,,,,,,,,,,,,,,,,,,,,,,,,,,,,,,,,,,,,,,,,,,,,,,,,,,,,,,,,,,,,,,,,,,,,,,,,,,,,
irfan najeeb,13,11,80,3,348 min,0.2,0.7,0.3,33%,0,0%,1,0.2,33.4 (92%),1.2 (76%),0.1 (20%),3.1,6.4,1.5,2.0,5,0.4 (83%),4.0 (32%),1.3 (47%),1.0,0.5,0.0,2,0,0,SIN,,178 cm,Right,23,D,,,,,,,,,,,,0,,,,,25 yrs,,,,,,,,,,,,,,,,,,,,,,,,,,,,,,,,,,,,,,,,,,,,,,,,,,,,,,,,,,,,,,,,,,,,,,,,,,,,,,,,,,,,,,,,,,,,,,,,,,,,,,,,,,,,,,,,,,,,,,,,,,,,,,,,,,,,,,,,,,,,,,,,,,,,,,,,,,,,,,,,,,,,,,,,
amirul adli bin azmi,11,9,78,0,,0.0,0.0,0.0,0%,0,0%,0,0.1,41.9 (92%),1.3 (58%),0.1 (33%),2.0,5.1,2.6,1.5,4,0.4 (100%),3.3 (38%),1.0 (58%),1.3,0.3,0.0,4,0,0,SIN,,181 cm,Right,5,D,,,,,,,,,,,,0,,,,,,28 yrs,,,,,,,,,,,,,,,,,,,,,,,,,,,,,,,,,,,,,,,,,,,,,,,,,,,,,,,,,,,,,,,,,,,,,,,,,,,,,,,,,,,,,,,,,,,,,,,,,,,,,,,,,,,,,,,,,,,,,,,,,,,,,,,,,,,,,,,,,,,,,,,,,,,,,,,,,,,,,,,,,,,,,,,
amirul haikal hassim,3,0,19,0,,0.0,0.0,0.0,0%,0,0%,0,0.0,7.0 (70%),0.3 (100%),0.0 (0%),1.0,2.3,0.0,0.0,1,0.3 (33%),2.0 (75%),0.3 (100%),0.0,0.0,0.0,0,0,0,SIN,,162 cm,Left,17,D,,,,,,,,,,,,0,,,,,,,24 yrs,,,,,,,,,,,,,,,,,,,,,,,,,,,,,,,,,,,,,,,,,,,,,,,,,,,,,,,,,,,,,,,,,,,,,,,,,,,,,,,,,,,,,,,,,,,,,,,,,,,,,,,,,,,,,,,,,,,,,,,,,,,,,,,,,,,,,,,,,,,,,,,,,,,,,,,,,,,,,,,,,,,,,,
syahrul sazali,4,0,11,0,,0.0,0.0,0.0,0%,0,0%,0,0.0,7.0 (85%),0.3 (100%),0.3 (50%),0.5,1.5,0.3,0.0,0,0.0 (0%),0.8 (75%),0.3 (0%),0.0,0.0,0.0,0,0,0,SIN,,179 cm,Right,22,D,,,,,,,,,,,,0,,,,,,,,26 yrs,,,,,,,,,,,,,,,,,,,,,,,,,,,,,,,,,,,,,,,,,,,,,,,,,,,,,,,,,,,,,,,,,,,,,,,,,,,,,,,,,,,,,,,,,,,,,,,,,,,,,,,,,,,,,,,,,,,,,,,,,,,,,,,,,,,,,,,,,,,,,,,,,,,,,,,,,,,,,,,,,,,,,
suknate thanet,1,0,11,0,,0.0,1.0,0.0,0%,0,0%,0,0.0,6.0 (100%),0.0 (0%),1.0 (100%),0.0,0.0,0.0,0.0,0,1.0 (100%),1.0 (50%),0.0 (0%),0.0,0.0,0.0,0,0,0,THA,,178 cm,Right,,D,,,,,,,,,,,,0,,,,,,,,,19 yrs,,,,,,,,,,,,,,,,,,,,,,,,,,,,,,,,,,,,,,,,,,,,,,,,,,,,,,,,,,,,,,,,,,,,,,,,,,,,,,,,,,,,,,,,,,,,,,,,,,,,,,,,,,,,,,,,,,,,,,,,,,,,,,,,,,,,,,,,,,,,,,,,,,,,,,,,,,,,,,,,,,,,
syazwan buhari,12,12,90,0,,0.0,0.0,0.0,0%,0,0%,0,0.0,28.4 (93%),4.8 (70%),0.0 (0%),2.0,7.5,0.2,0.4,0,0.2 (100%),0.7 (62%),0.3 (100%),0.0,0.3,0.0,0,0,0,SIN,,172 cm,Right,24,G,,,,,,,,,,,,4,,,,,,,,,,1.3,2.4 (66%),15,29,6.0,32 yrs,,,,,,,,,,,,,,,,,,,,,,,,,,,,,,,,,,,,,,,,,,,,,,,,,,,,,,,,,,,,,,,,,,,,,,,,,,,,,,,,,,,,,,,,,,,,,,,,,,,,,,,,,,,,,,,,,,,,,,,,,,,,,,,,,,,,,,,,,,,,,,,,,,,,,,,,,,,,,,
ridhuan barudin,1,1,90,0,,0.0,0.0,0.0,0%,0,0%,0,0.0,31.0 (79%),4.0 (44%),0.0 (0%),2.0,3.0,0.0,0.0,1,0.0 (0%),0.0 (0%),0.0 (0%),0.0,0.0,0.0,0,0,0,SIN,,182 cm,Right,31,G,,,,,,,,,,,,1,,,,,,,,,,0.0,2.0 (100%),0,2,12.0,,37 yrs,,,,,,,,,,,,,,,,,,,,,,,,,,,,,,,,,,,,,,,,,,,,,,,,,,,,,,,,,,,,,,,,,,,,,,,,,,,,,,,,,,,,,,,,,,,,,,,,,,,,,,,,,,,,,,,,,,,,,,,,,,,,,,,,,,,,,,,,,,,,,,,,,,,,,,,,,,,,,
lennart thy,11,10,87,7,137 min,0.6,4.0,2.0,16%,0,0%,1,0.8,14.3 (78%),0.6 (78%),0.3 (23%),0.8,1.5,0.2,0.4,5,0.7 (67%),4.2 (31%),1.9 (40%),0.3,0.3,0.4,1,0,0,GER,,184 cm,Right,9,F,,,,,,,,,,,,,,,,,,,,,,,,,,,,,32 yrs,,,,,,,,,,,,,,,,,,,,,,,,,,,,,,,,,,,,,,,,,,,,,,,,,,,,,,,,,,,,,,,,,,,,,,,,,,,,,,,,,,,,,,,,,,,,,,,,,,,,,,,,,,,,,,,,,,,,,,,,,,,,,,,,,,,,,,,,,,,,,,,,,,,,,,,,,,,,
shawal anuar,13,12,76,8,123 min,0.6,2.3,1.0,27%,0,0%,6,1.3,11.7 (79%),0.2 (29%),0.6 (42%),1.8,3.3,0.6,0.4,1,0.8 (73%),3.7 (34%),1.0 (34%),1.0,0.5,0.5,0,0,0,SIN,,164 cm,Right,7,F,,,,,,,,,,,,,,,,,,,,,,,,,,,,,,33 yrs,,,,,,,,,,,,,,,,,,,,,,,,,,,,,,,,,,,,,,,,,,,,,,,,,,,,,,,,,,,,,,,,,,,,,,,,,,,,,,,,,,,,,,,,,,,,,,,,,,,,,,,,,,,,,,,,,,,,,,,,,,,,,,,,,,,,,,,,,,,,,,,,,,,,,,,,,,,
obren kljajic,7,6,76,1,532 min,0.1,0.6,0.1,25%,0,0%,2,0.7,21.1 (84%),0.4 (50%),0.6 (50%),2.4,6.1,2.4,1.9,1,1.0 (54%),5.6 (39%),1.1 (44%),0.6,0.1,0.0,1,0,0,BIH,,187 cm,Left,18,F,,,,,,,,,,,,,,,,,,,,,,,,,,,,,,,20 yrs,,,,,,,,,,,,,,,,,,,,,,,,,,,,,,,,,,,,,,,,,,,,,,,,,,,,,,,,,,,,,,,,,,,,,,,,,,,,,,,,,,,,,,,,,,,,,,,,,,,,,,,,,,,,,,,,,,,,,,,,,,,,,,,,,,,,,,,,,,,,,,,,,,,,,,,,,,
haiqal pashia,8,0,14,1,115 min,0.1,0.8,0.3,17%,0,0%,1,0.3,3.3 (90%),0.1 (100%),0.1 (100%),0.0,0.9,0.3,0.3,0,1.0 (73%),1.8 (48%),0.0 (0%),0.0,0.4,0.1,0,0,0,SIN,,161 cm,Right,23,F,,,,,,,,,,,,,,,,,,,,,,,,,,,,,,,,25 yrs,,,,,,,,,,,,,,,,,,,,,,,,,,,,,,,,,,,,,,,,,,,,,,,,,,,,,,,,,,,,,,,,,,,,,,,,,,,,,,,,,,,,,,,,,,,,,,,,,,,,,,,,,,,,,,,,,,,,,,,,,,,,,,,,,,,,,,,,,,,,,,,,,,,,,,,,,
maxime lestienne,13,13,90,10,125 min,0.8,4.7,1.6,16%,2/2,100%,14,4.9,29.4 (68%),3.2 (45%),2.9 (37%),1.2,3.2,0.3,0.1,3,8.4 (88%),10.2 (63%),0.2 (67%),0.2,0.7,0.7,0,0,0,BEL,,176 cm,Left,17,M,,,,,,,,,,,,,,,,,,,,,,,,,,,,,,,,,32 yrs,,,,,,,,,,,,,,,,,,,,,,,,,,,,,,,,,,,,,,,,,,,,,,,,,,,,,,,,,,,,,,,,,,,,,,,,,,,,,,,,,,,,,,,,,,,,,,,,,,,,,,,,,,,,,,,,,,,,,,,,,,,,,,,,,,,,,,,,,,,,,,,,,,,,,,,,
bart ramselaar,8,7,79,6,105 min,0.8,3.0,1.4,25%,0,0%,2,2.1,23.6 (81%),1.1 (60%),0.1 (8%),1.3,2.4,0.5,0.3,2,2.9 (77%),4.5 (41%),0.0 (0%),0.5,0.5,0.3,1,0,0,NED,,180 cm,Right,10,M,,,,,,,,,,,,,,,,,,,,,,,,,,,,,,,,,,28 yrs,,,,,,,,,,,,,,,,,,,,,,,,,,,,,,,,,,,,,,,,,,,,,,,,,,,,,,,,,,,,,,,,,,,,,,,,,,,,,,,,,,,,,,,,,,,,,,,,,,,,,,,,,,,,,,,,,,,,,,,,,,,,,,,,,,,,,,,,,,,,,,,,,,,,,,,
rui pires,5,4,78,0,,0.0,0.0,0.0,0%,0,0%,0,0.0,40.2 (90%),1.0 (36%),0.2 (100%),4.8,8.0,1.4,1.0,4,0.0 (0%),3.6 (41%),0.4 (50%),1.0,0.0,0.0,0,0,0,POR,,182 cm,Right,8,M,,,,,,,,,,,,,,,,,,,,,,,,,,,,,,,,,,,26 yrs,,,,,,,,,,,,,,,,,,,,,,,,,,,,,,,,,,,,,,,,,,,,,,,,,,,,,,,,,,,,,,,,,,,,,,,,,,,,,,,,,,,,,,,,,,,,,,,,,,,,,,,,,,,,,,,,,,,,,,,,,,,,,,,,,,,,,,,,,,,,,,,,,,,,,,
song ui young,11,6,67,3,247 min,0.3,1.9,0.8,14%,0,0%,0,0.5,16.9 (82%),0.6 (47%),0.4 (33%),1.3,2.6,0.3,0.3,1,1.5 (76%),5.0 (42%),0.6 (54%),1.2,1.0,0.1,1,0,0,SIN,,172 cm,Right,15,M,,,,,,,,,,,,,,,,,,,,,,,,,,,,,,,,,,,,30 yrs,,,,,,,,,,,,,,,,,,,,,,,,,,,,,,,,,,,,,,,,,,,,,,,,,,,,,,,,,,,,,,,,,,,,,,,,,,,,,,,,,,,,,,,,,,,,,,,,,,,,,,,,,,,,,,,,,,,,,,,,,,,,,,,,,,,,,,,,,,,,,,,,,,,,,
adam swandi,8,3,43,2,173 min,0.3,1.1,0.3,22%,0,0%,1,0.4,16.1 (82%),0.8 (55%),0.4 (33%),1.9,2.4,1.0,0.0,1,0.5 (67%),2.0 (31%),0.3 (29%),0.4,0.4,0.0,0,0,0,SIN,,170 cm,Right,27,M,,,,,,,,,,,,,,,,,,,,,,,,,,,,,,,,,,,,,28 yrs,,,,,,,,,,,,,,,,,,,,,,,,,,,,,,,,,,,,,,,,,,,,,,,,,,,,,,,,,,,,,,,,,,,,,,,,,,,,,,,,,,,,,,,,,,,,,,,,,,,,,,,,,,,,,,,,,,,,,,,,,,,,,,,,,,,,,,,,,,,,,,,,,,,,
hami syahin,13,12,80,0,,0.0,0.5,0.0,0%,0,0%,0,0.2,31.3 (90%),1.3 (59%),0.2 (50%),3.4,8.2,1.5,0.6,6,0.4 (71%),5.3 (42%),0.7 (53%),1.3,0.5,0.0,4,0,0,SIN,,166 cm,Right,16,M,,,,,,,,,,,,,,,,,,,,,,,,,,,,,,,,,,,,,,25 yrs,,,,,,,,,,,,,,,,,,,,,,,,,,,,,,,,,,,,,,,,,,,,,,,,,,,,,,,,,,,,,,,,,,,,,,,,,,,,,,,,,,,,,,,,,,,,,,,,,,,,,,,,,,,,,,,,,,,,,,,,,,,,,,,,,,,,,,,,,,,,,,,,,,,
anumanthan kumar,12,1,25,0,,0.0,0.2,0.0,0%,0,0%,0,0.0,10.8 (93%),1.2 (88%),0.0 (0%),0.7,2.6,0.3,0.2,3,0.1 (100%),0.9 (31%),0.3 (80%),0.5,0.0,0.0,1,0,0,SIN,,178 cm,Right,6,M,,,,,,,,,,,,,,,,,,,,,,,,,,,,,,,,,,,,,,,30 yrs,,,,,,,,,,,,,,,,,,,,,,,,,,,,,,,,,,,,,,,,,,,,,,,,,,,,,,,,,,,,,,,,,,,,,,,,,,,,,,,,,,,,,,,,,,,,,,,,,,,,,,,,,,,,,,,,,,,,,,,,,,,,,,,,,,,,,,,,,,,,,,,,,,
hafiz nor,12,2,34,0,,0.0,0.3,0.1,0%,0,0%,1,0.4,7.9 (81%),0.4 (42%),0.5 (43%),1.1,2.6,0.9,0.8,1,0.3 (80%),2.0 (43%),0.3 (60%),0.1,0.6,0.1,0,0,0,SIN,,166 cm,Right,11,M,,,,,,,,,,,,,,,,,,,,,,,,,,,,,,,,,,,,,,,,36 yrs,,,,,,,,,,,,,,,,,,,,,,,,,,,,,,,,,,,,,,,,,,,,,,,,,,,,,,,,,,,,,,,,,,,,,,,,,,,,,,,,,,,,,,,,,,,,,,,,,,,,,,,,,,,,,,,,,,,,,,,,,,,,,,,,,,,,,,,,,,,,,,,,,
toni datkovic,12,12,90,2,565 min,0.2,0.6,0.2,29%,0,0%,0,0.3,44.3 (90%),3.3 (57%),0.3 (43%),4.5,8.8,1.4,2.7,6,0.3 (80%),5.1 (46%),1.9 (55%),1.0,0.7,0.1,2,0,0,CRO,,190 cm,Left,4,D,,,,,,,,,,,,0,,,,,,,,,,,,,,,,,,,,,,,,,,,,,30 yrs,,,,,,,,,,,,,,,,,,,,,,,,,,,,,,,,,,,,,,,,,,,,,,,,,,,,,,,,,,,,,,,,,,,,,,,,,,,,,,,,,,,,,,,,,,,,,,,,,,,,,,,,,,,,,,,,,,,,,,,,,,,,,,,,,,,,,,,,,,,,,,,,
bailey wright,11,11,90,3,346 min,0.3,1.0,0.4,27%,0,0%,0,0.0,43.8 (90%),4.2 (60%),0.1 (100%),6.2,10.4,0.6,3.8,9,0.1 (100%),5.4 (53%),2.2 (60%),0.8,0.5,0.2,1,1,1,AUS,,184 cm,Right,26,D,,,,,,,,,,,,0,,,,,,,,,,,,,,,,,,,,,,,,,,,,,,32 yrs,,,,,,,,,,,,,,,,,,,,,,,,,,,,,,,,,,,,,,,,,,,,,,,,,,,,,,,,,,,,,,,,,,,,,,,,,,,,,,,,,,,,,,,,,,,,,,,,,,,,,,,,,,,,,,,,,,,,,,,,,,,,,,,,,,,,,,,,,,,,,,,
hariss harun,12,9,69,0,,0.0,0.3,0.0,0%,0,0%,1,0.4,28.6 (89%),1.5 (53%),0.0 (0%),2.8,6.1,1.1,0.8,2,0.4 (100%),3.1 (39%),0.4 (45%),1.2,0.4,0.0,2,0,0,SIN,,178 cm,Right,14,D,,,,,,,,,,,,0,,,,,,,,,,,,,,,,,,,,,,,,,,,,,,,33 yrs,,,,,,,,,,,,,,,,,,,,,,,,,,,,,,,,,,,,,,,,,,,,,,,,,,,,,,,,,,,,,,,,,,,,,,,,,,,,,,,,,,,,,,,,,,,,,,,,,,,,,,,,,,,,,,,,,,,,,,,,,,,,,,,,,,,,,,,,,,,,,,
christopher van huizen,13,10,81,0,,0.0,0.6,0.2,0%,0,0%,1,0.8,28.7 (78%),1.2 (35%),1.3 (33%),3.7,5.8,2.8,2.3,8,1.2 (68%),3.8 (38%),0.9 (60%),0.2,0.5,0.1,1,0,0,SIN,,170 cm,Right,22,D,,,,,,,,,,,,0,,,,,,,,,,,,,,,,,,,,,,,,,,,,,,,,31 yrs,,,,,,,,,,,,,,,,,,,,,,,,,,,,,,,,,,,,,,,,,,,,,,,,,,,,,,,,,,,,,,,,,,,,,,,,,,,,,,,,,,,,,,,,,,,,,,,,,,,,,,,,,,,,,,,,,,,,,,,,,,,,,,,,,,,,,,,,,,,,,
lionel tan,10,10,85,0,,0.0,0.1,0.0,0%,0,0%,0,0.2,36.5 (89%),2.4 (49%),0.0 (0%),4.0,7.1,2.9,1.7,6,0.1 (50%),2.5 (30%),0.9 (53%),1.0,0.1,0.1,2,0,0,SIN,,183 cm,Right,5,D,,,,,,,,,,,,0,,,,,,,,,,,,,,,,,,,,,,,,,,,,,,,,,27 yrs,,,,,,,,,,,,,,,,,,,,,,,,,,,,,,,,,,,,,,,,,,,,,,,,,,,,,,,,,,,,,,,,,,,,,,,,,,,,,,,,,,,,,,,,,,,,,,,,,,,,,,,,,,,,,,,,,,,,,,,,,,,,,,,,,,,,,,,,,,,,
bill mamadou,2,0,18,0,,0.0,0.0,0.0,0%,0,0%,0,0.0,9.0 (100%),0.0 (0%),0.0 (0%),1.0,1.0,0.5,1.0,0,0.5 (100%),1.0 (67%),0.0 (0%),0.0,0.0,0.0,0,0,0,SIN,,,Right,3,D,,,,,,,,,,,,0,,,,,,,,,,,,,,,,,,,,,,,,,,,,,,,,,,23 yrs,,,,,,,,,,,,,,,,,,,,,,,,,,,,,,,,,,,,,,,,,,,,,,,,,,,,,,,,,,,,,,,,,,,,,,,,,,,,,,,,,,,,,,,,,,,,,,,,,,,,,,,,,,,,,,,,,,,,,,,,,,,,,,,,,,,,,,,,,,,
izwan mahbud,5,5,90,0,,0.0,0.0,0.0,0%,0,0%,0,0.0,11.6 (78%),1.4 (35%),0.0 (0%),1.6,3.8,0.0,0.4,0,0.2 (100%),0.6 (75%),0.2 (50%),0.2,0.2,0.0,0,0,0,SIN,,180 cm,Right,1,G,,,,,,,,,,,,2,,,,,,,,,,1.2,2.8 (70%),6,14,7.2,,,,,,,,,,,,,,,,,,,,,34 yrs,,,,,,,,,,,,,,,,,,,,,,,,,,,,,,,,,,,,,,,,,,,,,,,,,,,,,,,,,,,,,,,,,,,,,,,,,,,,,,,,,,,,,,,,,,,,,,,,,,,,,,,,,,,,,,,,,,,,,,,,,,,,,,,,,,,,,,,,,,
zharfan rohaizad,8,8,90,0,,0.0,0.0,0.0,0%,0,0%,0,0.0,10.5 (79%),2.5 (57%),0.0 (0%),3.0,4.6,0.0,0.9,0,0.0 (0%),0.5 (100%),0.4 (100%),0.0,0.3,0.0,0,0,0,SIN,,180 cm,Right,28,G,,,,,,,,,,,,2,,,,,,,,,,1.4,2.3 (62%),11,18,6.4,,,,,,,,,,,,,,,,,,,,,,27 yrs,,,,,,,,,,,,,,,,,,,,,,,,,,,,,,,,,,,,,,,,,,,,,,,,,,,,,,,,,,,,,,,,,,,,,,,,,,,,,,,,,,,,,,,,,,,,,,,,,,,,,,,,,,,,,,,,,,,,,,,,,,,,,,,,,,,,,,,,,
tomoyuki doi,13,13,90,20,65 min,1.5,5.9,2.5,26%,3/3,100%,1,1.0,12.8 (81%),0.5 (50%),0.2 (25%),0.4,1.2,0.5,0.4,2,3.2 (87%),5.6 (40%),0.2 (14%),0.5,1.1,0.5,0,0,0,JPN,,179 cm,Right,9,F,,,,,,,,,,,,,,,,,,,,,,,,,,,,,,,,,,,,,,,,,,,,,,,,,26 yrs,,,,,,,,,,,,,,,,,,,,,,,,,,,,,,,,,,,,,,,,,,,,,,,,,,,,,,,,,,,,,,,,,,,,,,,,,,,,,,,,,,,,,,,,,,,,,,,,,,,,,,,,,,,,,,,,,,,,,,,,,,,,,,,,,,,,,,,,
naufal azman,8,2,26,0,,0.0,0.4,0.1,0%,0,0%,1,0.0,2.9 (66%),0.0 (0%),0.0 (0%),0.8,1.1,0.0,0.4,1,0.3 (50%),1.3 (53%),0.1 (25%),0.1,0.5,0.1,0,0,0,SIN,,175 cm,Right,7,F,,,,,,,,,,,,,,,,,,,,,,,,,,,,,,,,,,,,,,,,,,,,,,,,,,26 yrs,,,,,,,,,,,,,,,,,,,,,,,,,,,,,,,,,,,,,,,,,,,,,,,,,,,,,,,,,,,,,,,,,,,,,,,,,,,,,,,,,,,,,,,,,,,,,,,,,,,,,,,,,,,,,,,,,,,,,,,,,,,,,,,,,,,,,,,
vincent bezecourt,13,13,90,5,257 min,0.4,2.2,1.1,18%,0,0%,6,2.2,36.0 (81%),1.9 (44%),0.6 (32%),2.2,4.9,2.1,0.2,9,3.4 (72%),9.8 (48%),0.5 (60%),0.8,2.8,0.0,2,0,0,FRA,,170 cm,Left,10,M,,,,,,,,,,,,,,,,,,,,,,,,,,,,,,,,,,,,,,,,,,,,,,,,,,,31 yrs,,,,,,,,,,,,,,,,,,,,,,,,,,,,,,,,,,,,,,,,,,,,,,,,,,,,,,,,,,,,,,,,,,,,,,,,,,,,,,,,,,,,,,,,,,,,,,,,,,,,,,,,,,,,,,,,,,,,,,,,,,,,,,,,,,,,,,
ryoya taniguchi,12,12,90,3,362 min,0.3,3.1,0.9,8%,0,0%,5,1.5,22.1 (78%),1.0 (50%),0.9 (39%),1.4,2.8,1.3,0.0,3,1.8 (81%),5.7 (36%),0.4 (31%),1.1,2.2,0.5,1,0,0,JPN,,175 cm,Right,23,M,,,,,,,,,,,,,,,,,,,,,,,,,,,,,,,,,,,,,,,,,,,,,,,,,,,,25 yrs,,,,,,,,,,,,,,,,,,,,,,,,,,,,,,,,,,,,,,,,,,,,,,,,,,,,,,,,,,,,,,,,,,,,,,,,,,,,,,,,,,,,,,,,,,,,,,,,,,,,,,,,,,,,,,,,,,,,,,,,,,,,,,,,,,,,,
mohamed iqbal bin hamid hussain,12,11,82,1,981 min,0.1,0.8,0.2,11%,0,0%,2,1.0,21.1 (80%),1.8 (53%),0.5 (29%),0.4,3.2,0.9,0.0,4,3.3 (82%),6.3 (44%),0.4 (28%),0.8,1.3,0.5,0,0,0,SIN,,186 cm,Left,16,M,,,,,,,,,,,,,,,,,,,,,,,,,,,,,,,,,,,,,,,,,,,,,,,,,,,,,31 yrs,,,,,,,,,,,,,,,,,,,,,,,,,,,,,,,,,,,,,,,,,,,,,,,,,,,,,,,,,,,,,,,,,,,,,,,,,,,,,,,,,,,,,,,,,,,,,,,,,,,,,,,,,,,,,,,,,,,,,,,,,,,,,,,,,,,,
takahiro tezuka,13,13,90,1,1295 min,0.1,0.5,0.2,17%,0,0%,0,2.2,68.1 (89%),6.0 (63%),0.6 (44%),5.4,10.1,1.8,1.0,11,0.2 (60%),3.6 (35%),1.2 (47%),0.6,0.6,0.0,1,0,0,JPN,,181 cm,Right,4,M,,,,,,,,,,,,,,,,,,,,,,,,,,,,,,,,,,,,,,,,,,,,,,,,,,,,,,26 yrs,,,,,,,,,,,,,,,,,,,,,,,,,,,,,,,,,,,,,,,,,,,,,,,,,,,,,,,,,,,,,,,,,,,,,,,,,,,,,,,,,,,,,,,,,,,,,,,,,,,,,,,,,,,,,,,,,,,,,,,,,,,,,,,,,,,
huzaifah aziz,2,2,68,0,,0.0,0.0,0.0,0%,0,0%,1,0.0,15.5 (86%),1.0 (67%),0.0 (0%),2.0,5.5,3.0,0.5,1,0.0 (0%),4.5 (36%),0.5 (50%),1.5,2.0,0.0,1,0,0,SIN,,177 cm,Right,53,M,,,,,,,,,,,,,,,,,,,,,,,,,,,,,,,,,,,,,,,,,,,,,,,,,,,,,,,30 yrs,,,,,,,,,,,,,,,,,,,,,,,,,,,,,,,,,,,,,,,,,,,,,,,,,,,,,,,,,,,,,,,,,,,,,,,,,,,,,,,,,,,,,,,,,,,,,,,,,,,,,,,,,,,,,,,,,,,,,,,,,,,,,,,,,,
naqiuddin eunos,12,12,90,3,376 min,0.3,0.9,0.5,27%,0,0%,1,0.6,18.9 (79%),0.5 (35%),0.8 (33%),3.8,6.5,2.3,1.8,5,1.3 (73%),4.4 (34%),0.9 (52%),0.6,0.8,0.3,2,0,0,SIN,,176 cm,Right,17,M,,,,,,,,,,,,,,,,,,,,,,,,,,,,,,,,,,,,,,,,,,,,,,,,,,,,,,,,27 yrs,,,,,,,,,,,,,,,,,,,,,,,,,,,,,,,,,,,,,,,,,,,,,,,,,,,,,,,,,,,,,,,,,,,,,,,,,,,,,,,,,,,,,,,,,,,,,,,,,,,,,,,,,,,,,,,,,,,,,,,,,,,,,,,,,
faisal shahril,1,0,4,0,,0.0,0.0,0.0,0%,0,0%,0,0.0,0.0 (0%),0.0 (0%),0.0 (0%),0.0,0.0,0.0,0.0,0,0.0 (0%),0.0 (0%),0.0 (0%),0.0,0.0,0.0,0,0,0,SIN,,181 cm,Right,13,M,,,,,,,,,,,,,,,,,,,,,,,,,,,,,,,,,,,,,,,,,,,,,,,,,,,,,,,,,27 yrs,,,,,,,,,,,,,,,,,,,,,,,,,,,,,,,,,,,,,,,,,,,,,,,,,,,,,,,,,,,,,,,,,,,,,,,,,,,,,,,,,,,,,,,,,,,,,,,,,,,,,,,,,,,,,,,,,,,,,,,,,,,,,,,,
bernard pereira joshua,13,12,90,0,,0.0,0.3,0.1,0%,0,0%,0,0.2,48.8 (88%),1.7 (44%),0.2 (50%),5.7,10.5,3.3,1.6,8,0.7 (90%),5.1 (40%),1.5 (49%),0.5,0.8,0.0,3,0,0,SIN,,178 cm,Right,8,D,,,,,,,,,,,,0,,,,,,,,,,,,,,,,,,,,,,,,,,,,,,,,,,,,,,,,,,,,,,26 yrs,,,,,,,,,,,,,,,,,,,,,,,,,,,,,,,,,,,,,,,,,,,,,,,,,,,,,,,,,,,,,,,,,,,,,,,,,,,,,,,,,,,,,,,,,,,,,,,,,,,,,,,,,,,,,,,,,,,,,,,,,,,,,,,
rio sakuma,9,9,90,2,435 min,0.2,0.9,0.4,25%,0,0%,0,0.1,49.0 (91%),3.6 (55%),0.0 (0%),5.1,8.0,1.8,2.2,7,0.0 (0%),3.9 (47%),1.7 (54%),0.7,0.2,0.1,2,0,0,JPN,,179 cm,Right,5,D,,,,,,,,,,,,0,,,,,,,,,,,,,,,,,,,,,,,,,,,,,,,,,,,,,,,,,,,,,,,27 yrs,,,,,,,,,,,,,,,,,,,,,,,,,,,,,,,,,,,,,,,,,,,,,,,,,,,,,,,,,,,,,,,,,,,,,,,,,,,,,,,,,,,,,,,,,,,,,,,,,,,,,,,,,,,,,,,,,,,,,,,,,,,,,,
keito hariya,13,13,90,0,,0.0,0.4,0.1,0%,0,0%,1,0.1,58.0 (91%),2.9 (57%),0.0 (0%),5.9,10.6,1.8,2.1,14,0.5 (100%),5.3 (48%),2.5 (65%),0.5,0.6,0.1,0,0,0,JPN,,178 cm,Left,18,D,,,,,,,,,,,,0,,,,,,,,,,,,,,,,,,,,,,,,,,,,,,,,,,,,,,,,,,,,,,,,21 yrs,,,,,,,,,,,,,,,,,,,,,,,,,,,,,,,,,,,,,,,,,,,,,,,,,,,,,,,,,,,,,,,,,,,,,,,,,,,,,,,,,,,,,,,,,,,,,,,,,,,,,,,,,,,,,,,,,,,,,,,,,,,,,
syahir ahmad,8,0,22,0,,0.0,0.0,0.0,0%,0,0%,0,0.0,5.1 (77%),0.4 (75%),0.4 (43%),1.1,1.4,0.6,0.4,0,0.6 (71%),1.6 (33%),0.0 (0%),0.1,0.1,0.0,1,0,0,SIN,,155 cm,Right,14,D,,,,,,,,,,,,0,,,,,,,,,,,,,,,,,,,,,,,,,,,,,,,,,,,,,,,,,,,,,,,,,32 yrs,,,,,,,,,,,,,,,,,,,,,,,,,,,,,,,,,,,,,,,,,,,,,,,,,,,,,,,,,,,,,,,,,,,,,,,,,,,,,,,,,,,,,,,,,,,,,,,,,,,,,,,,,,,,,,,,,,,,,,,,,,,,
muhammad shakir bin hamzah,11,11,90,2,517 min,0.2,0.8,0.4,22%,0,0%,1,1.0,32.5 (77%),1.8 (44%),1.0 (33%),3.6,6.1,2.1,1.9,6,0.6 (78%),4.2 (40%),1.1 (48%),1.0,0.6,0.1,4,0,0,SIN,,179 cm,Right,22,D,,,,,,,,,,,,0,,,,,,,,,,,,,,,,,,,,,,,,,,,,,,,,,,,,,,,,,,,,,,,,,,31 yrs,,,,,,,,,,,,,,,,,,,,,,,,,,,,,,,,,,,,,,,,,,,,,,,,,,,,,,,,,,,,,,,,,,,,,,,,,,,,,,,,,,,,,,,,,,,,,,,,,,,,,,,,,,,,,,,,,,,,,,,,,,,
akmal azman,10,5,43,0,,0.0,0.0,0.0,0%,0,0%,0,0.2,17.0 (83%),0.1 (14%),0.2 (17%),2.8,3.8,2.0,1.2,2,0.0 (0%),1.3 (23%),0.6 (46%),0.6,0.0,0.0,1,0,0,SIN,,173 cm,Right,6,D,,,,,,,,,,,,0,,,,,,,,,,,,,,,,,,,,,,,,,,,,,,,,,,,,,,,,,,,,,,,,,,,23 yrs,,,,,,,,,,,,,,,,,,,,,,,,,,,,,,,,,,,,,,,,,,,,,,,,,,,,,,,,,,,,,,,,,,,,,,,,,,,,,,,,,,,,,,,,,,,,,,,,,,,,,,,,,,,,,,,,,,,,,,,,,,
rudy khairullah,6,6,90,0,,0.0,0.0,0.0,0%,0,0%,0,0.0,14.2 (90%),1.5 (53%),0.0 (0%),2.7,5.3,0.3,0.5,2,0.0 (0%),0.7 (57%),0.3 (67%),0.0,0.3,0.0,0,0,0,SIN,,167 cm,Left,24,G,,,,,,,,,,,,1,,,,,,,,,,2.2,2.7 (55%),13,16,5.8,,,,,,,,,,,,,,,,,,,,,,,,,,,,,,,,,,,,,,30 yrs,,,,,,,,,,,,,,,,,,,,,,,,,,,,,,,,,,,,,,,,,,,,,,,,,,,,,,,,,,,,,,,,,,,,,,,,,,,,,,,,,,,,,,,,,,,,,,,,,,,,,,,,,,,,,,,,,,,,,,,,,
hairul syirhan,8,7,90,0,,0.0,0.0,0.0,0%,0,0%,0,0.0,10.5 (88%),2.4 (66%),0.0 (0%),1.4,3.6,0.1,0.6,2,0.0 (0%),0.6 (63%),0.4 (100%),0.1,0.4,0.0,2,0,0,SIN,,178 cm,Right,1,G,,,,,,,,,,,,1,,,,,,,,,,1.6,2.6 (62%),13,21,7.1,,,,,,,,,,,,,,,,,,,,,,,,,,,,,,,,,,,,,,,29 yrs,,,,,,,,,,,,,,,,,,,,,,,,,,,,,,,,,,,,,,,,,,,,,,,,,,,,,,,,,,,,,,,,,,,,,,,,,,,,,,,,,,,,,,,,,,,,,,,,,,,,,,,,,,,,,,,,,,,,,,,,
kodai tanaka,13,12,90,16,74 min,1.2,4.2,2.2,30%,4/5,80%,5,1.2,14.5 (81%),0.4 (38%),0.8 (40%),0.6,1.5,0.1,0.2,1,1.1 (78%),5.2 (43%),1.4 (51%),0.8,0.6,1.4,2,0,0,JPN,,176 cm,Right,10,F,,,,,,,,,,,,,,,,,,,,,,,,,,,,,,,,,,,,,,,,,,,,,,,,,,,,,,,,,,,,,,,,,,24 yrs,,,,,,,,,,,,,,,,,,,,,,,,,,,,,,,,,,,,,,,,,,,,,,,,,,,,,,,,,,,,,,,,,,,,,,,,,,,,,,,,,,,,,,,,,,,,,,,,,,,,,,,,,,,,,,,,,,,,,,,
reycredo beremanda,3,0,15,0,,0.0,0.3,0.0,0%,0,0%,0,0.0,3.3 (53%),0.0 (0%),0.7 (29%),1.3,1.3,1.0,1.0,0,0.0 (0%),1.7 (38%),0.0 (0%),0.3,0.7,0.0,0,0,0,INA,,170 cm,,27,F,,,,,,,,,,,,,,,,,,,,,,,,,,,,,,,,,,,,,,,,,,,,,,,,,,,,,,,,,,,,,,,,,,,20 yrs,,,,,,,,,,,,,,,,,,,,,,,,,,,,,,,,,,,,,,,,,,,,,,,,,,,,,,,,,,,,,,,,,,,,,,,,,,,,,,,,,,,,,,,,,,,,,,,,,,,,,,,,,,,,,,,,,,,,,,
amiruldin asraf,10,1,23,2,117 min,0.2,0.9,0.2,22%,0,0%,0,0.1,3.4 (74%),0.1 (100%),0.1 (50%),0.2,0.5,0.1,0.0,0,0.2 (40%),2.0 (47%),0.6 (50%),0.1,0.4,0.1,0,0,0,SIN,,178 cm,Right,19,F,,,,,,,,,,,,,,,,,,,,,,,,,,,,,,,,,,,,,,,,,,,,,,,,,,,,,,,,,,,,,,,,,,,,27 yrs,,,,,,,,,,,,,,,,,,,,,,,,,,,,,,,,,,,,,,,,,,,,,,,,,,,,,,,,,,,,,,,,,,,,,,,,,,,,,,,,,,,,,,,,,,,,,,,,,,,,,,,,,,,,,,,,,,,,,
ismail sassi,13,13,90,11,111 min,0.8,2.7,1.5,31%,0,0%,3,1.1,23.6 (80%),0.4 (71%),0.5 (26%),1.8,4.8,1.1,0.5,2,2.5 (78%),7.6 (41%),1.2 (52%),1.5,1.5,0.3,2,0,0,TUN,,184 cm,Right,7,M,,,,,,,,,,,,,,,,,,,,,,,,,,,,,,,,,,,,,,,,,,,,,,,,,,,,,,,,,,,,,,,,,,,,,32 yrs,,,,,,,,,,,,,,,,,,,,,,,,,,,,,,,,,,,,,,,,,,,,,,,,,,,,,,,,,,,,,,,,,,,,,,,,,,,,,,,,,,,,,,,,,,,,,,,,,,,,,,,,,,,,,,,,,,,,
masahiro sugita,10,10,88,1,875 min,0.1,2.1,0.7,5%,0,0%,0,0.5,49.2 (89%),0.9 (60%),0.3 (19%),2.7,7.0,1.8,0.4,1,2.3 (79%),6.6 (42%),0.6 (67%),1.5,1.7,0.1,3,0,0,JPN,,164 cm,Right,18,M,,,,,,,,,,,,,,,,,,,,,,,,,,,,,,,,,,,,,,,,,,,,,,,,,,,,,,,,,,,,,,,,,,,,,,24 yrs,,,,,,,,,,,,,,,,,,,,,,,,,,,,,,,,,,,,,,,,,,,,,,,,,,,,,,,,,,,,,,,,,,,,,,,,,,,,,,,,,,,,,,,,,,,,,,,,,,,,,,,,,,,,,,,,,,,
riku fukashiro,13,13,90,3,428 min,0.2,2.6,1.2,9%,0,0%,4,1.8,37.0 (82%),0.5 (35%),1.2 (37%),2.7,4.8,1.2,0.7,9,5.1 (75%),11.0 (43%),0.7 (39%),1.8,2.6,0.0,2,0,0,JPN,,168 cm,Right,9,M,,,,,,,,,,,,,,,,,,,,,,,,,,,,,,,,,,,,,,,,,,,,,,,,,,,,,,,,,,,,,,,,,,,,,,,24 yrs,,,,,,,,,,,,,,,,,,,,,,,,,,,,,,,,,,,,,,,,,,,,,,,,,,,,,,,,,,,,,,,,,,,,,,,,,,,,,,,,,,,,,,,,,,,,,,,,,,,,,,,,,,,,,,,,,,
alen kozar,13,13,90,3,421 min,0.2,1.2,0.5,20%,0,0%,4,1.3,46.3 (82%),2.2 (56%),0.2 (13%),2.8,7.2,1.5,0.6,4,0.8 (65%),3.5 (29%),0.5 (67%),0.8,0.6,0.0,2,0,0,SLO,,174 cm,Right,8,M,,,,,,,,,,,,,,,,,,,,,,,,,,,,,,,,,,,,,,,,,,,,,,,,,,,,,,,,,,,,,,,,,,,,,,,,29 yrs,,,,,,,,,,,,,,,,,,,,,,,,,,,,,,,,,,,,,,,,,,,,,,,,,,,,,,,,,,,,,,,,,,,,,,,,,,,,,,,,,,,,,,,,,,,,,,,,,,,,,,,,,,,,,,,,,
ignatius ang yu heng,11,5,62,5,136 min,0.5,1.3,0.6,36%,0,0%,2,1.3,15.1 (79%),0.3 (75%),0.9 (43%),0.6,2.5,0.4,0.0,4,1.3 (61%),3.4 (32%),0.5 (42%),0.7,0.6,0.2,0,0,0,SIN,,168 cm,Right,30,M,,,,,,,,,,,,,,,,,,,,,,,,,,,,,,,,,,,,,,,,,,,,,,,,,,,,,,,,,,,,,,,,,,,,,,,,,31 yrs,,,,,,,,,,,,,,,,,,,,,,,,,,,,,,,,,,,,,,,,,,,,,,,,,,,,,,,,,,,,,,,,,,,,,,,,,,,,,,,,,,,,,,,,,,,,,,,,,,,,,,,,,,,,,,,,
elijah lim,1,0,9,0,,0.0,0.0,0.0,0%,0,0%,0,0.0,3.0 (60%),0.0 (0%),0.0 (0%),0.0,0.0,0.0,0.0,0,0.0 (0%),1.0 (100%),0.0 (0%),0.0,0.0,0.0,0,0,0,SIN,,165 cm,,14,M,,,,,,,,,,,,,,,,,,,,,,,,,,,,,,,,,,,,,,,,,,,,,,,,,,,,,,,,,,,,,,,,,,,,,,,,,,23 yrs,,,,,,,,,,,,,,,,,,,,,,,,,,,,,,,,,,,,,,,,,,,,,,,,,,,,,,,,,,,,,,,,,,,,,,,,,,,,,,,,,,,,,,,,,,,,,,,,,,,,,,,,,,,,,,,
jordan emaviwe,12,12,90,1,1155 min,0.1,0.8,0.2,11%,0,0%,0,0.1,39.9 (89%),1.9 (72%),0.1 (17%),5.0,9.3,2.2,3.3,9,0.5 (86%),6.5 (41%),2.6 (66%),0.9,0.8,0.0,3,0,0,SIN,,195 cm,Left,17,D,,,,,,,,,,,,0,,,,,,,,,,,,,,,,,,,,,,,,,,,,,,,,,,,,,,,,,,,,,,,,,,,,,,,,,,,,,,,23 yrs,,,,,,,,,,,,,,,,,,,,,,,,,,,,,,,,,,,,,,,,,,,,,,,,,,,,,,,,,,,,,,,,,,,,,,,,,,,,,,,,,,,,,,,,,,,,,,,,,,,,,,,,,,,,,,
madhu mohana,13,13,90,1,1289 min,0.1,0.5,0.2,14%,0,0%,2,0.5,33.8 (89%),2.2 (58%),0.2 (50%),4.8,9.6,1.5,2.7,8,0.0 (0%),4.8 (40%),2.4 (46%),1.2,0.2,0.1,3,0,0,SIN,,183 cm,Right,6,D,,,,,,,,,,,,0,,,,,,,,,,,,,,,,,,,,,,,,,,,,,,,,,,,,,,,,,,,,,,,,,,,,,,,,,,,,,,,,33 yrs,,,,,,,,,,,,,,,,,,,,,,,,,,,,,,,,,,,,,,,,,,,,,,,,,,,,,,,,,,,,,,,,,,,,,,,,,,,,,,,,,,,,,,,,,,,,,,,,,,,,,,,,,,,,,
darren teh,12,12,90,0,,0.0,0.3,0.0,0%,0,0%,0,1.0,29.6 (82%),1.2 (54%),1.1 (33%),2.8,6.2,3.3,1.0,6,0.7 (67%),3.5 (30%),0.2 (20%),0.5,0.7,0.0,1,0,0,SIN,,169 cm,Right,2,D,,,,,,,,,,,,0,,,,,,,,,,,,,,,,,,,,,,,,,,,,,,,,,,,,,,,,,,,,,,,,,,,,,,,,,,,,,,,,,28 yrs,,,,,,,,,,,,,,,,,,,,,,,,,,,,,,,,,,,,,,,,,,,,,,,,,,,,,,,,,,,,,,,,,,,,,,,,,,,,,,,,,,,,,,,,,,,,,,,,,,,,,,,,,,,,
kanadi harith,10,9,85,0,,0.0,0.9,0.1,0%,0,0%,1,1.9,27.7 (76%),1.9 (42%),2.0 (43%),3.6,6.2,3.5,1.8,4,1.8 (82%),4.2 (29%),0.3 (21%),0.5,0.8,0.0,1,0,0,SIN,,165 cm,Both,11,D,,,,,,,,,,,,0,,,,,,,,,,,,,,,,,,,,,,,,,,,,,,,,,,,,,,,,,,,,,,,,,,,,,,,,,,,,,,,,,,24 yrs,,,,,,,,,,,,,,,,,,,,,,,,,,,,,,,,,,,,,,,,,,,,,,,,,,,,,,,,,,,,,,,,,,,,,,,,,,,,,,,,,,,,,,,,,,,,,,,,,,,,,,,,,,,
fudhil iyadh,10,5,47,0,,0.0,0.2,0.2,0%,0,0%,0,0.0,17.5 (85%),0.6 (75%),0.3 (25%),1.6,3.7,2.6,0.3,1,0.5 (63%),2.6 (30%),0.0 (0%),0.9,0.7,0.1,0,0,0,SIN,,165 cm,Right,20,D,,,,,,,,,,,,0,,,,,,,,,,,,,,,,,,,,,,,,,,,,,,,,,,,,,,,,,,,,,,,,,,,,,,,,,,,,,,,,,,,23 yrs,,,,,,,,,,,,,,,,,,,,,,,,,,,,,,,,,,,,,,,,,,,,,,,,,,,,,,,,,,,,,,,,,,,,,,,,,,,,,,,,,,,,,,,,,,,,,,,,,,,,,,,,,,
tajeli salamat,10,9,89,0,,0.0,1.3,0.3,0%,0,0%,2,0.9,35.1 (83%),4.5 (58%),0.5 (38%),5.5,10.1,2.3,1.9,5,0.1 (25%),3.0 (34%),0.9 (56%),0.8,0.6,0.0,2,1,1,SIN,,175 cm,Right,3,D,,,,,,,,,,,,0,,,,,,,,,,,,,,,,,,,,,,,,,,,,,,,,,,,,,,,,,,,,,,,,,,,,,,,,,,,,,,,,,,,,30 yrs,,,,,,,,,,,,,,,,,,,,,,,,,,,,,,,,,,,,,,,,,,,,,,,,,,,,,,,,,,,,,,,,,,,,,,,,,,,,,,,,,,,,,,,,,,,,,,,,,,,,,,,,,
emmeric ong yu min,3,0,17,0,,0.0,0.3,0.0,0%,0,0%,0,0.0,4.3 (87%),0.3 (100%),0.0 (0%),0.7,1.7,1.0,0.7,2,0.0 (0%),1.3 (44%),0.3 (50%),0.0,0.0,0.0,0,0,0,SIN,,182 cm,Right,5,D,,,,,,,,,,,,0,,,,,,,,,,,,,,,,,,,,,,,,,,,,,,,,,,,,,,,,,,,,,,,,,,,,,,,,,,,,,,,,,,,,,33 yrs,,,,,,,,,,,,,,,,,,,,,,,,,,,,,,,,,,,,,,,,,,,,,,,,,,,,,,,,,,,,,,,,,,,,,,,,,,,,,,,,,,,,,,,,,,,,,,,,,,,,,,,,
amer hakeem,8,3,33,1,260 min,0.1,0.8,0.4,17%,0,0%,0,0.0,9.4 (82%),0.3 (50%),0.1 (100%),1.6,3.8,1.0,0.9,3,0.0 (0%),2.0 (39%),1.5 (63%),0.1,0.3,0.0,1,0,0,SIN,,194 cm,Right,13,D,,,,,,,,,,,,0,,,,,,,,,,,,,,,,,,,,,,,,,,,,,,,,,,,,,,,,,,,,,,,,,,,,,,,,,,,,,,,,,,,,,,25 yrs,,,,,,,,,,,,,,,,,,,,,,,,,,,,,,,,,,,,,,,,,,,,,,,,,,,,,,,,,,,,,,,,,,,,,,,,,,,,,,,,,,,,,,,,,,,,,,,,,,,,,,,
hafiz ahmad,13,13,90,0,,0.0,0.0,0.0,0%,0,0%,0,0.0,22.7 (84%),4.1 (54%),0.0 (0%),3.1,6.7,0.3,0.9,3,0.2 (100%),1.0 (72%),0.6 (89%),0.0,0.0,0.0,1,0,0,SIN,,173 cm,Right,21,G,,,,,,,,,,,,1,,,,,,,,,,2.7,4.2 (61%),35,55,6.6,,,,,,,,,,,,,,,,,,,,,,,,,,,,,,,,,,,,,,,,,,,,,,,,,,,,,,,,,25 yrs,,,,,,,,,,,,,,,,,,,,,,,,,,,,,,,,,,,,,,,,,,,,,,,,,,,,,,,,,,,,,,,,,,,,,,,,,,,,,,,,,,,,,,,,,,,,,,,,,,,,,,
petar banovic,7,3,42,0,,0.0,0.6,0.1,0%,0,0%,1,0.1,4.4 (78%),0.4 (60%),0.0 (0%),1.1,1.3,0.7,0.7,0,1.0 (58%),2.6 (32%),1.0 (50%),0.7,0.6,0.3,1,0,0,CRO,,188 cm,Both,44,F,,,,,,,,,,,,,,,,,,,,,,,,,,,,,,,,,,,,,,,,,,,,,,,,,,,,,,,,,,,,,,,,,,,,,,,,,,,,,,,,,,,,27 yrs,,,,,,,,,,,,,,,,,,,,,,,,,,,,,,,,,,,,,,,,,,,,,,,,,,,,,,,,,,,,,,,,,,,,,,,,,,,,,,,,,,,,,,,,,,,,,,,,,,,,,
dejan racic,11,10,88,9,107 min,0.8,2.5,1.3,32%,0,0%,2,1.1,10.1 (72%),0.0 (0%),0.1 (20%),0.5,1.9,0.0,0.0,2,3.5 (55%),7.5 (36%),0.2 (11%),0.2,0.9,0.4,0,0,0,MNE,,188 cm,Both,30,F,,,,,,,,,,,,,,,,,,,,,,,,,,,,,,,,,,,,,,,,,,,,,,,,,,,,,,,,,,,,,,,,,,,,,,,,,,,,,,,,,,,,,26 yrs,,,,,,,,,,,,,,,,,,,,,,,,,,,,,,,,,,,,,,,,,,,,,,,,,,,,,,,,,,,,,,,,,,,,,,,,,,,,,,,,,,,,,,,,,,,,,,,,,,,,
zamani zamri,5,0,18,0,,0.0,0.4,0.2,0%,0,0%,1,0.2,1.8 (82%),0.2 (100%),0.2 (33%),0.0,0.2,0.0,0.0,0,0.4 (100%),1.0 (50%),0.6 (60%),0.2,0.0,0.0,1,0,0,SIN,,174 cm,Right,24,F,,,,,,,,,,,,,,,,,,,,,,,,,,,,,,,,,,,,,,,,,,,,,,,,,,,,,,,,,,,,,,,,,,,,,,,,,,,,,,,,,,,,,,23 yrs,,,,,,,,,,,,,,,,,,,,,,,,,,,,,,,,,,,,,,,,,,,,,,,,,,,,,,,,,,,,,,,,,,,,,,,,,,,,,,,,,,,,,,,,,,,,,,,,,,,
louka tan vaissiere,2,0,15,0,,0.0,1.0,0.5,0%,0,0%,0,0.0,0.0 (0%),0.0 (0%),0.0 (0%),0.0,0.5,0.0,0.0,0,0.0 (0%),0.5 (17%),0.0 (0%),0.0,0.0,0.0,0,0,0,SIN,,,,56,F,,,,,,,,,,,,,,,,,,,,,,,,,,,,,,,,,,,,,,,,,,,,,,,,,,,,,,,,,,,,,,,,,,,,,,,,,,,,,,,,,,,,,,,19 yrs,,,,,,,,,,,,,,,,,,,,,,,,,,,,,,,,,,,,,,,,,,,,,,,,,,,,,,,,,,,,,,,,,,,,,,,,,,,,,,,,,,,,,,,,,,,,,,,,,,
stjepan plazonja,12,11,88,6,175 min,0.5,2.9,1.5,17%,0,0%,5,1.8,15.4 (57%),0.8 (47%),2.2 (30%),1.5,2.8,0.6,0.8,4,3.5 (64%),6.8 (44%),1.3 (65%),0.6,0.9,0.4,2,0,0,CRO,,192 cm,Right,9,M,,,,,,,,,,,,,,,,,,,,,,,,,,,,,,,,,,,,,,,,,,,,,,,,,,,,,,,,,,,,,,,,,,,,,,,,,,,,,,,,,,,,,,,,26 yrs,,,,,,,,,,,,,,,,,,,,,,,,,,,,,,,,,,,,,,,,,,,,,,,,,,,,,,,,,,,,,,,,,,,,,,,,,,,,,,,,,,,,,,,,,,,,,,,,,
gabriel quak,12,2,28,0,,0.0,1.2,0.3,0%,0,0%,1,0.3,4.4 (67%),0.2 (40%),0.1 (9%),0.2,0.7,0.2,0.1,0,1.3 (60%),1.6 (37%),0.0 (0%),0.0,0.0,0.2,0,0,0,SIN,,175 cm,Right,22,M,,,,,,,,,,,,,,,,,,,,,,,,,,,,,,,,,,,,,,,,,,,,,,,,,,,,,,,,,,,,,,,,,,,,,,,,,,,,,,,,,,,,,,,,,33 yrs,,,,,,,,,,,,,,,,,,,,,,,,,,,,,,,,,,,,,,,,,,,,,,,,,,,,,,,,,,,,,,,,,,,,,,,,,,,,,,,,,,,,,,,,,,,,,,,,
shahdan bin sulaiman,13,11,89,1,1158 min,0.1,0.5,0.2,14%,0,0%,3,0.9,40.3 (89%),2.8 (71%),0.2 (75%),1.7,4.0,1.9,0.2,6,0.1 (100%),1.8 (27%),0.0 (0%),0.6,0.2,0.0,0,0,0,SIN,,180 cm,Right,8,M,,,,,,,,,,,,,,,,,,,,,,,,,,,,,,,,,,,,,,,,,,,,,,,,,,,,,,,,,,,,,,,,,,,,,,,,,,,,,,,,,,,,,,,,,,36 yrs,,,,,,,,,,,,,,,,,,,,,,,,,,,,,,,,,,,,,,,,,,,,,,,,,,,,,,,,,,,,,,,,,,,,,,,,,,,,,,,,,,,,,,,,,,,,,,,
shodai yokoyama,14,14,90,0,,0.0,1.2,0.5,0%,0,0%,1,1.4,26.8 (83%),1.9 (57%),1.1 (45%),2.5,4.9,1.5,0.6,7,3.8 (82%),8.1 (46%),0.3 (19%),0.4,1.9,0.0,1,0,0,JPN,,170 cm,Left,11,M,,,,,,,,,,,,,,,,,,,,,,,,,,,,,,,,,,,,,,,,,,,,,,,,,,,,,,,,,,,,,,,,,,,,,,,,,,,,,,,,,,,,,,,,,,,23 yrs,,,,,,,,,,,,,,,,,,,,,,,,,,,,,,,,,,,,,,,,,,,,,,,,,,,,,,,,,,,,,,,,,,,,,,,,,,,,,,,,,,,,,,,,,,,,,,
ismail salihovic,7,7,81,0,,0.0,0.3,0.1,0%,0,0%,0,0.1,24.6 (80%),2.7 (58%),0.0 (0%),4.1,4.7,2.9,1.9,6,1.0 (70%),4.9 (29%),0.4 (19%),2.1,0.6,0.0,4,1,1,SRB,,,,14,M,,,,,,,,,,,,,,,,,,,,,,,,,,,,,,,,,,,,,,,,,,,,,,,,,,,,,,,,,,,,,,,,,,,,,,,,,,,,,,,,,,,,,,,,,,,,21 yrs,,,,,,,,,,,,,,,,,,,,,,,,,,,,,,,,,,,,,,,,,,,,,,,,,,,,,,,,,,,,,,,,,,,,,,,,,,,,,,,,,,,,,,,,,,,,,
halim hazzuwan,13,13,72,2,470 min,0.2,1.2,0.5,13%,0/1,0%,0,0.5,8.8 (73%),0.4 (38%),0.1 (14%),0.4,1.5,0.8,0.0,3,0.8 (67%),2.4 (30%),0.3 (25%),0.5,0.8,0.4,2,0,0,SIN,,169 cm,Right,7,M,,,,,,,,,,,,,,,,,,,,,,,,,,,,,,,,,,,,,,,,,,,,,,,,,,,,,,,,,,,,,,,,,,,,,,,,,,,,,,,,,,,,,,,,,,,,,30 yrs,,,,,,,,,,,,,,,,,,,,,,,,,,,,,,,,,,,,,,,,,,,,,,,,,,,,,,,,,,,,,,,,,,,,,,,,,,,,,,,,,,,,,,,,,,,,
justin hui,7,2,37,0,,0.0,0.1,0.0,0%,0,0%,0,0.3,7.0 (74%),0.6 (67%),0.1 (17%),0.3,1.1,0.7,0.1,0,0.6 (80%),1.6 (30%),0.1 (33%),0.4,0.3,0.0,1,0,0,SIN,,,Right,17,M,,,,,,,,,,,,,,,,,,,,,,,,,,,,,,,,,,,,,,,,,,,,,,,,,,,,,,,,,,,,,,,,,,,,,,,,,,,,,,,,,,,,,,,,,,,,,,26 yrs,,,,,,,,,,,,,,,,,,,,,,,,,,,,,,,,,,,,,,,,,,,,,,,,,,,,,,,,,,,,,,,,,,,,,,,,,,,,,,,,,,,,,,,,,,,
puttipat kaewsawad,2,0,41,0,,0.0,0.0,0.0,0%,0,0%,0,0.5,18.0 (88%),0.5 (33%),0.0 (0%),2.0,2.0,0.0,0.5,0,0.0 (0%),1.5 (30%),1.0 (67%),1.0,0.0,0.0,0,0,0,THA,,180 cm,Right,6,M,,,,,,,,,,,,,,,,,,,,,,,,,,,,,,,,,,,,,,,,,,,,,,,,,,,,,,,,,,,,,,,,,,,,,,,,,,,,,,,,,,,,,,,,,,,,,,,18 yrs,,,,,,,,,,,,,,,,,,,,,,,,,,,,,,,,,,,,,,,,,,,,,,,,,,,,,,,,,,,,,,,,,,,,,,,,,,,,,,,,,,,,,,,,,,
ensar bruncevic,14,14,90,1,1376 min,0.1,0.6,0.1,13%,0,0%,0,0.1,44.6 (88%),2.0 (47%),0.0 (0%),9.4,14.8,2.4,4.1,13,0.1 (100%),7.9 (53%),4.5 (76%),0.6,0.5,0.1,2,0,0,SRB,,196 cm,Right,15,D,,,,,,,,,,,,0,,,,,,,,,,,,,,,,,,,,,,,,,,,,,,,,,,,,,,,,,,,,,,,,,,,,,,,,,,,,,,,,,,,,,,,,,,,,,,,,,,,,25 yrs,,,,,,,,,,,,,,,,,,,,,,,,,,,,,,,,,,,,,,,,,,,,,,,,,,,,,,,,,,,,,,,,,,,,,,,,,,,,,,,,,,,,,,,,,
nazari nazrul,9,9,90,0,,0.0,0.8,0.1,0%,0,0%,2,0.3,24.3 (77%),2.1 (42%),0.2 (13%),5.9,8.0,4.1,1.4,9,1.2 (58%),4.7 (28%),0.6 (50%),1.3,1.0,0.0,2,0,0,SIN,,165 cm,Right,4,D,,,,,,,,,,,,0,,,,,,,,,,,,,,,,,,,,,,,,,,,,,,,,,,,,,,,,,,,,,,,,,,,,,,,,,,,,,,,,,,,,,,,,,,,,,,,,,,,,,33 yrs,,,,,,,,,,,,,,,,,,,,,,,,,,,,,,,,,,,,,,,,,,,,,,,,,,,,,,,,,,,,,,,,,,,,,,,,,,,,,,,,,,,,,,,,
hasic faris,13,13,90,0,,0.0,0.2,0.0,0%,0,0%,0,0.0,39.0 (83%),3.1 (45%),0.0 (0%),5.5,10.6,2.6,2.1,7,0.3 (67%),6.2 (40%),1.7 (52%),1.5,0.5,0.0,3,0,0,BIH,,189 cm,Left,20,D,,,,,,,,,,,,0,,,,,,,,,,,,,,,,,,,,,,,,,,,,,,,,,,,,,,,,,,,,,,,,,,,,,,,,,,,,,,,,,,,,,,,,,,,,,,,,,,,,,,21 yrs,,,,,,,,,,,,,,,,,,,,,,,,,,,,,,,,,,,,,,,,,,,,,,,,,,,,,,,,,,,,,,,,,,,,,,,,,,,,,,,,,,,,,,,
vestering jordan,8,7,85,1,679 min,0.1,0.5,0.1,25%,0,0%,0,0.3,18.4 (72%),1.1 (35%),1.0 (40%),3.9,6.9,2.9,2.3,3,0.4 (60%),3.4 (28%),0.6 (56%),0.9,0.4,0.0,1,0,0,SIN,,177 cm,Right,3,D,,,,,,,,,,,,0,,,,,,,,,,,,,,,,,,,,,,,,,,,,,,,,,,,,,,,,,,,,,,,,,,,,,,,,,,,,,,,,,,,,,,,,,,,,,,,,,,,,,,,23 yrs,,,,,,,,,,,,,,,,,,,,,,,,,,,,,,,,,,,,,,,,,,,,,,,,,,,,,,,,,,,,,,,,,,,,,,,,,,,,,,,,,,,,,,
nazhiim harman,10,7,65,0,,0.0,0.1,0.0,0%,0,0%,0,0.1,23.1 (85%),0.7 (44%),0.1 (50%),2.6,5.9,1.9,1.0,5,0.1 (25%),3.0 (37%),0.6 (50%),0.3,0.2,0.0,1,0,0,SIN,,176 cm,Right,21,D,,,,,,,,,,,,0,,,,,,,,,,,,,,,,,,,,,,,,,,,,,,,,,,,,,,,,,,,,,,,,,,,,,,,,,,,,,,,,,,,,,,,,,,,,,,,,,,,,,,,,25 yrs,,,,,,,,,,,,,,,,,,,,,,,,,,,,,,,,,,,,,,,,,,,,,,,,,,,,,,,,,,,,,,,,,,,,,,,,,,,,,,,,,,,,,
adam reefdy,9,4,41,0,,0.0,0.1,0.1,0%,0,0%,0,0.1,12.2 (79%),0.9 (40%),0.0 (0%),1.2,3.0,1.6,0.3,1,0.2 (67%),1.3 (29%),0.1 (33%),0.3,0.6,0.0,1,0,0,SIN,,170 cm,Both,62,D,,,,,,,,,,,,0,,,,,,,,,,,,,,,,,,,,,,,,,,,,,,,,,,,,,,,,,,,,,,,,,,,,,,,,,,,,,,,,,,,,,,,,,,,,,,,,,,,,,,,,,20 yrs,,,,,,,,,,,,,,,,,,,,,,,,,,,,,,,,,,,,,,,,,,,,,,,,,,,,,,,,,,,,,,,,,,,,,,,,,,,,,,,,,,,,
azman danish irfan,8,7,76,0,,0.0,0.6,0.3,0%,0,0%,0,0.1,20.8 (81%),0.4 (21%),0.1 (33%),2.6,4.6,3.0,1.3,1,0.3 (50%),3.0 (24%),0.5 (33%),0.9,0.3,0.0,1,0,0,SIN,,179 cm,Left,5,D,,,,,,,,,,,,0,,,,,,,,,,,,,,,,,,,,,,,,,,,,,,,,,,,,,,,,,,,,,,,,,,,,,,,,,,,,,,,,,,,,,,,,,,,,,,,,,,,,,,,,,,25 yrs,,,,,,,,,,,,,,,,,,,,,,,,,,,,,,,,,,,,,,,,,,,,,,,,,,,,,,,,,,,,,,,,,,,,,,,,,,,,,,,,,,,
zaiful nizam,13,12,88,0,,0.0,0.0,0.0,0%,0,0%,0,0.1,20.2 (82%),6.8 (62%),0.0 (0%),1.6,4.0,0.0,0.2,1,0.1 (100%),0.6 (80%),0.5 (86%),0.0,0.0,0.0,1,0,0,SIN,,174 cm,Right,19,G,,,,,,,,,,,,2,,,,,,,,,,2.2,3.0 (58%),28,39,7.6,,,,,,,,,,,,,,,,,,,,,,,,,,,,,,,,,,,,,,,,,,,,,,,,,,,,,,,,,,,,,,,,,,,,,,,,,,,,,37 yrs,,,,,,,,,,,,,,,,,,,,,,,,,,,,,,,,,,,,,,,,,,,,,,,,,,,,,,,,,,,,,,,,,,,,,,,,,,,,,,,,,,
kenji syed rusydi,3,2,76,0,,0.0,0.0,0.0,0%,0,0%,0,0.0,13.3 (82%),2.0 (43%),0.0 (0%),2.7,4.7,0.3,0.3,0,0.0 (0%),1.0 (100%),0.7 (100%),0.0,0.3,0.0,0,0,0,SIN,,176 cm,Right,12,G,,,,,,,,,,,,0,,,,,,,,,,2.3,4.0 (63%),7,12,4.7,,,,,,,,,,,,,,,,,,,,,,,,,,,,,,,,,,,,,,,,,,,,,,,,,,,,,,,,,,,,,,,,,,,,,,,,,,,,,,25 yrs,,,,,,,,,,,,,,,,,,,,,,,,,,,,,,,,,,,,,,,,,,,,,,,,,,,,,,,,,,,,,,,,,,,,,,,,,,,,,,,,,
julio cruz,10,10,87,5,174 min,0.5,2.2,1.2,23%,1/1,100%,3,0.5,7.3 (72%),0.4 (40%),0.1 (33%),1.1,1.7,0.2,0.4,5,1.2 (80%),5.5 (34%),2.3 (35%),1.1,1.2,0.6,1,0,0,MEX,,181 cm,,18,F,,,,,,,,,,,,,,,,,,,,,,,,,,,,,,,,,,,,,,,,,,,,,,,,,,,,,,,,,,,,,,,,,,,,,,,,,,,,,,,,,,,,,,,,,,,,,,,,,,,,,,,,,28 yrs,,,,,,,,,,,,,,,,,,,,,,,,,,,,,,,,,,,,,,,,,,,,,,,,,,,,,,,,,,,,,,,,,,,,,,,,,,,,,,,,
farshad noor,12,12,90,0,,0.0,1.3,0.5,0%,0,0%,2,1.2,34.8 (77%),2.5 (50%),0.6 (19%),4.2,8.8,1.5,1.2,8,2.3 (84%),8.5 (39%),2.1 (45%),2.1,1.0,0.3,4,1,1,AFG,,177 cm,Right,10,M,,,,,,,,,,,,,,,,,,,,,,,,,,,,,,,,,,,,,,,,,,,,,,,,,,,,,,,,,,,,,,,,,,,,,,,,,,,,,,,,,,,,,,,,,,,,,,,,,,,,,,,,,,29 yrs,,,,,,,,,,,,,,,,,,,,,,,,,,,,,,,,,,,,,,,,,,,,,,,,,,,,,,,,,,,,,,,,,,,,,,,,,,,,,,,
oliveira miguel,13,13,90,5,255 min,0.4,4.2,1.6,9%,0,0%,1,1.8,17.5 (65%),1.5 (41%),1.8 (31%),1.5,3.1,0.9,0.7,3,5.6 (74%),9.5 (52%),0.1 (10%),0.5,1.5,0.2,3,0,0,POR,,167 cm,Right,9,M,,,,,,,,,,,,,,,,,,,,,,,,,,,,,,,,,,,,,,,,,,,,,,,,,,,,,,,,,,,,,,,,,,,,,,,,,,,,,,,,,,,,,,,,,,,,,,,,,,,,,,,,,,,29 yrs,,,,,,,,,,,,,,,,,,,,,,,,,,,,,,,,,,,,,,,,,,,,,,,,,,,,,,,,,,,,,,,,,,,,,,,,,,,,,,
azwan ali rahman,11,11,85,1,939 min,0.1,1.7,0.5,5%,0,0%,0,0.9,31.3 (78%),2.7 (39%),0.2 (22%),3.4,6.4,1.8,0.7,6,1.1 (60%),4.0 (35%),0.2 (29%),0.9,0.5,0.0,3,0,0,BRU,,165 cm,Right,7,M,,,,,,,,,,,,,,,,,,,,,,,,,,,,,,,,,,,,,,,,,,,,,,,,,,,,,,,,,,,,,,,,,,,,,,,,,,,,,,,,,,,,,,,,,,,,,,,,,,,,,,,,,,,,32 yrs,,,,,,,,,,,,,,,,,,,,,,,,,,,,,,,,,,,,,,,,,,,,,,,,,,,,,,,,,,,,,,,,,,,,,,,,,,,,,
gabriel gama,12,11,90,2,556 min,0.2,1.2,0.4,14%,0,0%,1,1.3,22.2 (78%),1.7 (54%),0.7 (36%),1.8,4.6,1.3,0.9,4,3.6 (73%),7.5 (42%),0.5 (32%),1.5,1.4,0.0,1,0,0,BRA,,,,20,M,,,,,,,,,,,,,,,,,,,,,,,,,,,,,,,,,,,,,,,,,,,,,,,,,,,,,,,,,,,,,,,,,,,,,,,,,,,,,,,,,,,,,,,,,,,,,,,,,,,,,,,,,,,,,21 yrs,,,,,,,,,,,,,,,,,,,,,,,,,,,,,,,,,,,,,,,,,,,,,,,,,,,,,,,,,,,,,,,,,,,,,,,,,,,,
syafiq safiuddin shariff,11,9,67,0,,0.0,0.1,0.0,0%,0,0%,0,0.0,13.8 (82%),0.5 (40%),0.3 (23%),4.4,5.4,3.2,2.5,9,0.6 (54%),2.8 (26%),0.4 (29%),1.2,0.1,0.0,1,0,0,BRU,,,,2,M,,,,,,,,,,,,,,,,,,,,,,,,,,,,,,,,,,,,,,,,,,,,,,,,,,,,,,,,,,,,,,,,,,,,,,,,,,,,,,,,,,,,,,,,,,,,,,,,,,,,,,,,,,,,,,22 yrs,,,,,,,,,,,,,,,,,,,,,,,,,,,,,,,,,,,,,,,,,,,,,,,,,,,,,,,,,,,,,,,,,,,,,,,,,,,
azwan saleh,6,0,24,0,,0.0,0.0,0.0,0%,0,0%,0,0.2,5.7 (76%),0.5 (38%),0.2 (50%),0.8,1.3,0.5,0.0,0,0.2 (50%),0.8 (31%),0.2 (50%),0.0,0.0,0.0,0,0,0,BRU,,168 cm,Left,6,M,,,,,,,,,,,,,,,,,,,,,,,,,,,,,,,,,,,,,,,,,,,,,,,,,,,,,,,,,,,,,,,,,,,,,,,,,,,,,,,,,,,,,,,,,,,,,,,,,,,,,,,,,,,,,,,36 yrs,,,,,,,,,,,,,,,,,,,,,,,,,,,,,,,,,,,,,,,,,,,,,,,,,,,,,,,,,,,,,,,,,,,,,,,,,,
abdul sisa,6,1,35,0,,0.0,0.0,0.0,0%,0,0%,0,0.2,6.8 (77%),0.8 (56%),0.2 (33%),1.2,2.7,1.7,0.7,1,0.2 (33%),1.3 (24%),0.2 (13%),0.3,0.0,0.2,2,0,0,BRU,,180 cm,Left,3,M,,,,,,,,,,,,,,,,,,,,,,,,,,,,,,,,,,,,,,,,,,,,,,,,,,,,,,,,,,,,,,,,,,,,,,,,,,,,,,,,,,,,,,,,,,,,,,,,,,,,,,,,,,,,,,,,33 yrs,,,,,,,,,,,,,,,,,,,,,,,,,,,,,,,,,,,,,,,,,,,,,,,,,,,,,,,,,,,,,,,,,,,,,,,,,
abdul hariz,4,2,40,0,,0.0,0.5,0.0,0%,0,0%,0,0.3,11.3 (79%),0.8 (50%),0.0 (0%),3.0,4.8,1.0,0.0,3,0.5 (67%),2.0 (28%),0.0 (0%),1.3,0.5,0.0,1,0,0,BRU,,,Right,16,M,,,,,,,,,,,,,,,,,,,,,,,,,,,,,,,,,,,,,,,,,,,,,,,,,,,,,,,,,,,,,,,,,,,,,,,,,,,,,,,,,,,,,,,,,,,,,,,,,,,,,,,,,,,,,,,,,23 yrs,,,,,,,,,,,,,,,,,,,,,,,,,,,,,,,,,,,,,,,,,,,,,,,,,,,,,,,,,,,,,,,,,,,,,,,,
patrick flottmann,2,2,90,0,,0.0,0.5,0.0,0%,0,0%,1,0.5,28.5 (89%),2.0 (40%),0.5 (100%),7.5,12.0,4.0,6.0,2,0.0 (0%),7.5 (50%),2.0 (57%),0.5,0.0,0.0,0,0,0,AUS,,191 cm,Right,5,D,,,,,,,,,,,,0,,,,,,,,,,,,,,,,,,,,,,,,,,,,,,,,,,,,,,,,,,,,,,,,,,,,,,,,,,,,,,,,,,,,,,,,,,,,,,,,,,,,,,,,,,,,,,,,,,,,,,27 yrs,,,,,,,,,,,,,,,,,,,,,,,,,,,,,,,,,,,,,,,,,,,,,,,,,,,,,,,,,,,,,,,,,,,,,,,
hanif hamir,9,5,53,0,,0.0,0.1,0.0,0%,0,0%,0,0.1,14.6 (84%),1.0 (47%),0.1 (100%),3.0,5.3,0.9,1.4,8,0.0 (0%),3.1 (45%),1.3 (52%),0.3,0.3,0.0,0,0,0,BRU,,184 cm,Right,13,D,,,,,,,,,,,,0,,,,,,,,,,,,,,,,,,,,,,,,,,,,,,,,,,,,,,,,,,,,,,,,,,,,,,,,,,,,,,,,,,,,,,,,,,,,,,,,,,,,,,,,,,,,,,,,,,,,,,,27 yrs,,,,,,,,,,,,,,,,,,,,,,,,,,,,,,,,,,,,,,,,,,,,,,,,,,,,,,,,,,,,,,,,,,,,,,
hakeme yazid,13,12,90,4,302 min,0.3,3.2,1.1,10%,2/2,100%,3,1.5,17.8 (80%),0.6 (80%),0.3 (33%),1.9,3.5,1.3,0.8,2,2.6 (56%),7.8 (37%),1.0 (30%),0.7,1.1,0.4,1,0,0,BRU,,161 cm,,17,D,,,,,,,,,,,,0,,,,,,,,,,,,,,,,,,,,,,,,,,,,,,,,,,,,,,,,,,,,,,,,,,,,,,,,,,,,,,,,,,,,,,,,,,,,,,,,,,,,,,,,,,,,,,,,,,,,,,,,21 yrs,,,,,,,,,,,,,,,,,,,,,,,,,,,,,,,,,,,,,,,,,,,,,,,,,,,,,,,,,,,,,,,,,,,,,
othman mohammed,13,12,87,0,,0.0,0.2,0.1,0%,0,0%,0,0.1,26.0 (86%),3.0 (62%),0.0 (0%),3.9,7.8,1.8,2.2,3,0.4 (63%),3.4 (33%),1.0 (32%),1.0,0.2,0.0,3,0,0,BRU,,172 cm,Right,19,D,,,,,,,,,,,,0,,,,,,,,,,,,,,,,,,,,,,,,,,,,,,,,,,,,,,,,,,,,,,,,,,,,,,,,,,,,,,,,,,,,,,,,,,,,,,,,,,,,,,,,,,,,,,,,,,,,,,,,,31 yrs,,,,,,,,,,,,,,,,,,,,,,,,,,,,,,,,,,,,,,,,,,,,,,,,,,,,,,,,,,,,,,,,,,,,
yura indera putera,12,12,90,1,1179 min,0.1,0.3,0.2,25%,0,0%,0,0.2,25.5 (79%),3.8 (52%),0.1 (50%),6.8,10.9,3.3,2.6,7,0.3 (75%),4.8 (39%),0.8 (37%),0.9,0.1,0.0,2,0,0,BRU,,183 cm,Right,23,D,,,,,,,,,,,,0,,,,,,,,,,,,,,,,,,,,,,,,,,,,,,,,,,,,,,,,,,,,,,,,,,,,,,,,,,,,,,,,,,,,,,,,,,,,,,,,,,,,,,,,,,,,,,,,,,,,,,,,,,28 yrs,,,,,,,,,,,,,,,,,,,,,,,,,,,,,,,,,,,,,,,,,,,,,,,,,,,,,,,,,,,,,,,,,,,
nazry azaman,8,3,61,0,,0.0,0.0,0.0,0%,0,0%,0,0.1,11.0 (73%),1.0 (62%),0.3 (22%),3.5,4.3,3.4,1.3,7,0.5 (100%),2.0 (21%),0.3 (15%),1.0,0.3,0.0,0,0,0,BRU,,179 cm,,21,D,,,,,,,,,,,,0,,,,,,,,,,,,,,,,,,,,,,,,,,,,,,,,,,,,,,,,,,,,,,,,,,,,,,,,,,,,,,,,,,,,,,,,,,,,,,,,,,,,,,,,,,,,,,,,,,,,,,,,,,,20 yrs,,,,,,,,,,,,,,,,,,,,,,,,,,,,,,,,,,,,,,,,,,,,,,,,,,,,,,,,,,,,,,,,,,
najib tarif,13,12,85,0,,0.0,0.2,0.0,0%,0,0%,0,0.3,23.2 (79%),2.6 (51%),0.5 (32%),2.2,6.2,4.2,1.7,7,0.6 (73%),3.2 (31%),0.6 (44%),0.2,0.3,0.0,0,0,0,BRU,,170 cm,Left,11,D,,,,,,,,,,,,0,,,,,,,,,,,,,,,,,,,,,,,,,,,,,,,,,,,,,,,,,,,,,,,,,,,,,,,,,,,,,,,,,,,,,,,,,,,,,,,,,,,,,,,,,,,,,,,,,,,,,,,,,,,,36 yrs,,,,,,,,,,,,,,,,,,,,,,,,,,,,,,,,,,,,,,,,,,,,,,,,,,,,,,,,,,,,,,,,,
kristijan naumovski,13,13,90,0,,0.0,0.0,0.0,0%,0,0%,0,0.0,7.9 (75%),2.2 (46%),0.0 (0%),1.4,3.6,0.0,0.4,3,0.0 (0%),0.8 (91%),0.8 (100%),0.0,0.4,0.0,1,0,0,MKD,,190 cm,Right,1,G,,,,,,,,,,,,1,,,,,,,,,,2.1,4.4 (68%),27,57,9.0,,,,,,,,,,,,,,,,,,,,,,,,,,,,,,,,,,,,,,,,,,,,,,,,,,,,,,,,,,,,,,,,,,,,,,,,,,,,,,,,,,,,,,,,,,,,,,,35 yrs,,,,,,,,,,,,,,,,,,,,,,,,,,,,,,,,,,,,,,,,,,,,,,,,,,,,,,,,,,,,,,,,
hoshino shuhei,12,12,90,3,386 min,0.3,1.6,0.5,16%,0,0%,1,0.8,16.8 (73%),3.1 (54%),0.3 (43%),2.8,2.7,0.4,1.9,4,0.3 (44%),7.3 (41%),3.4 (68%),1.3,1.3,0.3,1,0,0,JPN,,183 cm,Right,9,F,,,,,,,,,,,,,,,,,,,,,,,,,,,,,,,,,,,,,,,,,,,,,,,,,,,,,,,,,,,,,,,,,,,,,,,,,,,,,,,,,,,,,,,,,,,,,,,,,,,,,,,,,,,,,,,,,,,,,,,,,,28 yrs,,,,,,,,,,,,,,,,,,,,,,,,,,,,,,,,,,,,,,,,,,,,,,,,,,,,,,,,,,,,,,,
shingo nakano,10,10,90,10,96 min,1.0,3.3,1.8,30%,1/1,100%,0,0.2,10.7 (78%),0.7 (54%),0.3 (50%),1.4,2.6,0.8,0.5,5,1.0 (71%),6.4 (33%),2.4 (42%),1.5,1.4,0.3,1,0,0,JPN,,180 cm,Right,58,F,,,,,,,,,,,,,,,,,,,,,,,,,,,,,,,,,,,,,,,,,,,,,,,,,,,,,,,,,,,,,,,,,,,,,,,,,,,,,,,,,,,,,,,,,,,,,,,,,,,,,,,,,,,,,,,,,,,,,,,,,,,19 yrs,,,,,,,,,,,,,,,,,,,,,,,,,,,,,,,,,,,,,,,,,,,,,,,,,,,,,,,,,,,,,,
syukri bashir,7,0,10,0,,0.0,0.1,0.0,0%,0,0%,0,0.0,1.7 (100%),0.0 (0%),0.0 (0%),0.0,0.6,0.1,0.0,0,0.0 (0%),0.4 (23%),0.1 (25%),0.1,0.0,0.0,0,0,0,SIN,,172 cm,Right,19,F,,,,,,,,,,,,,,,,,,,,,,,,,,,,,,,,,,,,,,,,,,,,,,,,,,,,,,,,,,,,,,,,,,,,,,,,,,,,,,,,,,,,,,,,,,,,,,,,,,,,,,,,,,,,,,,,,,,,,,,,,,,,26 yrs,,,,,,,,,,,,,,,,,,,,,,,,,,,,,,,,,,,,,,,,,,,,,,,,,,,,,,,,,,,,,
kamarudin haziq,4,0,18,0,,0.0,0.0,0.0,0%,0,0%,0,0.0,3.8 (75%),0.0 (0%),0.0 (0%),0.5,1.3,0.3,0.3,0,1.0 (67%),1.5 (26%),0.0 (0%),0.3,0.0,0.0,0,0,0,SIN,,179 cm,Right,42,F,,,,,,,,,,,,,,,,,,,,,,,,,,,,,,,,,,,,,,,,,,,,,,,,,,,,,,,,,,,,,,,,,,,,,,,,,,,,,,,,,,,,,,,,,,,,,,,,,,,,,,,,,,,,,,,,,,,,,,,,,,,,,23 yrs,,,,,,,,,,,,,,,,,,,,,,,,,,,,,,,,,,,,,,,,,,,,,,,,,,,,,,,,,,,,
yojiro takahagi,6,4,69,0,,0.0,0.3,0.2,0%,0,0%,0,0.3,28.7 (84%),2.3 (45%),0.2 (25%),4.2,5.5,2.3,1.0,1,0.5 (100%),3.7 (33%),0.3 (29%),0.5,1.0,0.0,2,0,0,JPN,,183 cm,Right,8,M,,,,,,,,,,,,,,,,,,,,,,,,,,,,,,,,,,,,,,,,,,,,,,,,,,,,,,,,,,,,,,,,,,,,,,,,,,,,,,,,,,,,,,,,,,,,,,,,,,,,,,,,,,,,,,,,,,,,,,,,,,,,,,38 yrs,,,,,,,,,,,,,,,,,,,,,,,,,,,,,,,,,,,,,,,,,,,,,,,,,,,,,,,,,,,
amy recha,4,3,63,0,,0.0,0.0,0.0,0%,0,0%,0,0.5,12.8 (75%),0.0 (0%),1.0 (40%),1.5,1.8,0.5,0.0,0,1.5 (75%),3.5 (36%),0.0 (0%),0.0,1.0,0.3,0,0,0,SIN,,171 cm,Right,36,M,,,,,,,,,,,,,,,,,,,,,,,,,,,,,,,,,,,,,,,,,,,,,,,,,,,,,,,,,,,,,,,,,,,,,,,,,,,,,,,,,,,,,,,,,,,,,,,,,,,,,,,,,,,,,,,,,,,,,,,,,,,,,,,32 yrs,,,,,,,,,,,,,,,,,,,,,,,,,,,,,,,,,,,,,,,,,,,,,,,,,,,,,,,,,,
daniel goh,11,11,85,4,233 min,0.4,2.1,1.2,17%,0,0%,1,0.5,14.8 (75%),0.5 (50%),0.6 (23%),1.0,2.5,1.1,0.1,4,2.5 (80%),4.3 (38%),0.4 (29%),0.7,0.5,0.3,2,0,0,SIN,,169 cm,Right,11,M,,,,,,,,,,,,,,,,,,,,,,,,,,,,,,,,,,,,,,,,,,,,,,,,,,,,,,,,,,,,,,,,,,,,,,,,,,,,,,,,,,,,,,,,,,,,,,,,,,,,,,,,,,,,,,,,,,,,,,,,,,,,,,,,25 yrs,,,,,,,,,,,,,,,,,,,,,,,,,,,,,,,,,,,,,,,,,,,,,,,,,,,,,,,,,
yohei otake,9,9,90,1,840 min,0.1,0.6,0.3,20%,0,0%,1,1.6,37.7 (89%),2.7 (73%),0.7 (50%),1.1,5.0,2.0,0.0,5,1.0 (60%),4.6 (32%),0.2 (25%),1.1,1.0,0.1,2,0,0,JPN,,165 cm,Left,10,M,,,,,,,,,,,,,,,,,,,,,,,,,,,,,,,,,,,,,,,,,,,,,,,,,,,,,,,,,,,,,,,,,,,,,,,,,,,,,,,,,,,,,,,,,,,,,,,,,,,,,,,,,,,,,,,,,,,,,,,,,,,,,,,,,35 yrs,,,,,,,,,,,,,,,,,,,,,,,,,,,,,,,,,,,,,,,,,,,,,,,,,,,,,,,,
ho wai loon,11,8,60,0,,0.0,0.2,0.1,0%,0,0%,0,0.3,18.3 (80%),1.2 (46%),0.4 (36%),2.7,4.4,1.6,0.3,3,0.4 (50%),2.5 (29%),0.1 (13%),0.9,0.6,0.1,5,0,0,SIN,,169 cm,Right,24,M,,,,,,,,,,,,,,,,,,,,,,,,,,,,,,,,,,,,,,,,,,,,,,,,,,,,,,,,,,,,,,,,,,,,,,,,,,,,,,,,,,,,,,,,,,,,,,,,,,,,,,,,,,,,,,,,,,,,,,,,,,,,,,,,,,31 yrs,,,,,,,,,,,,,,,,,,,,,,,,,,,,,,,,,,,,,,,,,,,,,,,,,,,,,,,
arya igami,12,10,87,3,349 min,0.3,1.8,0.6,14%,0,0%,3,1.2,21.8 (84%),0.8 (50%),0.3 (17%),1.2,3.4,2.0,0.3,3,5.1 (82%),8.9 (45%),0.1 (11%),0.7,1.6,0.3,1,0,0,JPN,,162 cm,Right,6,M,,,,,,,,,,,,,,,,,,,,,,,,,,,,,,,,,,,,,,,,,,,,,,,,,,,,,,,,,,,,,,,,,,,,,,,,,,,,,,,,,,,,,,,,,,,,,,,,,,,,,,,,,,,,,,,,,,,,,,,,,,,,,,,,,,,21 yrs,,,,,,,,,,,,,,,,,,,,,,,,,,,,,,,,,,,,,,,,,,,,,,,,,,,,,,
junki kenn yoshimura,9,8,85,0,,0.0,0.0,0.0,0%,0,0%,0,0.2,24.4 (87%),1.1 (56%),0.4 (80%),3.8,7.1,4.3,1.2,4,0.2 (40%),3.7 (27%),0.3 (43%),0.2,0.4,0.0,0,0,0,SIN,,175 cm,Right,52,M,,,,,,,,,,,,,,,,,,,,,,,,,,,,,,,,,,,,,,,,,,,,,,,,,,,,,,,,,,,,,,,,,,,,,,,,,,,,,,,,,,,,,,,,,,,,,,,,,,,,,,,,,,,,,,,,,,,,,,,,,,,,,,,,,,,,20 yrs,,,,,,,,,,,,,,,,,,,,,,,,,,,,,,,,,,,,,,,,,,,,,,,,,,,,,
arshad shamim,12,3,41,0,,0.0,0.0,0.0,0%,0,0%,1,0.3,13.8 (80%),0.6 (50%),0.3 (27%),2.3,2.2,1.2,0.7,3,0.7 (73%),2.2 (32%),0.1 (50%),0.7,0.3,0.1,0,0,0,SIN,,170 cm,Right,20,M,,,,,,,,,,,,,,,,,,,,,,,,,,,,,,,,,,,,,,,,,,,,,,,,,,,,,,,,,,,,,,,,,,,,,,,,,,,,,,,,,,,,,,,,,,,,,,,,,,,,,,,,,,,,,,,,,,,,,,,,,,,,,,,,,,,,,24 yrs,,,,,,,,,,,,,,,,,,,,,,,,,,,,,,,,,,,,,,,,,,,,,,,,,,,,
syed firdaus hassan,13,13,90,0,,0.0,0.6,0.2,0%,0,0%,1,0.2,29.2 (89%),2.0 (60%),0.5 (50%),3.1,5.2,2.5,1.4,6,0.8 (73%),4.6 (36%),0.9 (50%),0.9,1.0,0.0,3,0,0,SIN,,173 cm,Right,15,M,,,,,,,,,,,,,,,,,,,,,,,,,,,,,,,,,,,,,,,,,,,,,,,,,,,,,,,,,,,,,,,,,,,,,,,,,,,,,,,,,,,,,,,,,,,,,,,,,,,,,,,,,,,,,,,,,,,,,,,,,,,,,,,,,,,,,,26 yrs,,,,,,,,,,,,,,,,,,,,,,,,,,,,,,,,,,,,,,,,,,,,,,,,,,,
hilman norhisam,1,0,11,0,,0.0,0.0,0.0,0%,0,0%,0,0.0,5.0 (83%),0.0 (0%),0.0 (0%),0.0,0.0,0.0,0.0,0,0.0 (0%),1.0 (50%),0.0 (0%),0.0,0.0,0.0,0,0,0,SIN,,167 cm,Right,,M,,,,,,,,,,,,,,,,,,,,,,,,,,,,,,,,,,,,,,,,,,,,,,,,,,,,,,,,,,,,,,,,,,,,,,,,,,,,,,,,,,,,,,,,,,,,,,,,,,,,,,,,,,,,,,,,,,,,,,,,,,,,,,,,,,,,,,,20 yrs,,,,,,,,,,,,,,,,,,,,,,,,,,,,,,,,,,,,,,,,,,,,,,,,,,
koki kawachi,12,12,90,0,,0.0,0.3,0.1,0%,0,0%,0,0.1,45.0 (86%),4.4 (50%),0.1 (100%),5.9,10.5,1.9,2.6,13,0.1 (100%),5.1 (49%),2.3 (71%),0.3,0.5,0.0,0,0,0,JPN,,180 cm,Right,4,D,,,,,,,,,,,,0,,,,,,,,,,,,,,,,,,,,,,,,,,,,,,,,,,,,,,,,,,,,,,,,,,,,,,,,,,,,,,,,,,,,,,,,,,,,,,,,,,,,,,,,,,,,,,,,,,,,,,,,,,,,,,,,,,,,,,,,,,,,24 yrs,,,,,,,,,,,,,,,,,,,,,,,,,,,,,,,,,,,,,,,,,,,,,,,,,
stevia egbus mikuni,13,13,90,0,,0.0,0.6,0.2,0%,0,0%,1,0.2,51.0 (87%),5.4 (54%),0.1 (100%),6.2,9.4,1.5,3.7,15,0.2 (60%),5.5 (49%),2.8 (69%),0.4,0.4,0.1,1,0,0,JPN,,182 cm,Right,41,D,,,,,,,,,,,,0,,,,,,,,,,,,,,,,,,,,,,,,,,,,,,,,,,,,,,,,,,,,,,,,,,,,,,,,,,,,,,,,,,,,,,,,,,,,,,,,,,,,,,,,,,,,,,,,,,,,,,,,,,,,,,,,,,,,,,,,,,,,,26 yrs,,,,,,,,,,,,,,,,,,,,,,,,,,,,,,,,,,,,,,,,,,,,,,,,
martens daniel,4,1,23,0,,0.0,0.0,0.0,0%,0,0%,0,0.3,8.3 (83%),0.5 (50%),0.3 (100%),2.0,2.5,0.8,0.8,2,0.0 (0%),0.8 (20%),0.3 (100%),1.0,0.3,0.0,0,0,0,SIN,,179 cm,Right,31,D,,,,,,,,,,,,0,,,,,,,,,,,,,,,,,,,,,,,,,,,,,,,,,,,,,,,,,,,,,,,,,,,,,,,,,,,,,,,,,,,,,,,,,,,,,,,,,,,,,,,,,,,,,,,,,,,,,,,,,,,,,,,,,,,,,,,,,,,,,,25 yrs,,,,,,,,,,,,,,,,,,,,,,,,,,,,,,,,,,,,,,,,,,,,,,,
low gareth,13,13,90,0,,0.0,0.2,0.0,0%,0,0%,3,1.0,31.5 (82%),2.5 (51%),0.8 (42%),3.1,3.7,3.2,2.5,8,0.3 (80%),1.9 (20%),0.2 (27%),0.5,0.3,0.1,2,0,0,SIN,,170 cm,Left,28,D,,,,,,,,,,,,0,,,,,,,,,,,,,,,,,,,,,,,,,,,,,,,,,,,,,,,,,,,,,,,,,,,,,,,,,,,,,,,,,,,,,,,,,,,,,,,,,,,,,,,,,,,,,,,,,,,,,,,,,,,,,,,,,,,,,,,,,,,,,,,27 yrs,,,,,,,,,,,,,,,,,,,,,,,,,,,,,,,,,,,,,,,,,,,,,,
kenji austin,1,0,9,0,,0.0,0.0,0.0,0%,0,0%,0,0.0,1.0 (50%),0.0 (0%),0.0 (0%),1.0,1.0,0.0,1.0,1,0.0 (0%),0.0 (0%),0.0 (0%),0.0,0.0,0.0,0,0,0,SIN,,185 cm,Right,,D,,,,,,,,,,,,0,,,,,,,,,,,,,,,,,,,,,,,,,,,,,,,,,,,,,,,,,,,,,,,,,,,,,,,,,,,,,,,,,,,,,,,,,,,,,,,,,,,,,,,,,,,,,,,,,,,,,,,,,,,,,,,,,,,,,,,,,,,,,,,,20 yrs,,,,,,,,,,,,,,,,,,,,,,,,,,,,,,,,,,,,,,,,,,,,,
hassan sunny,12,12,90,0,,0.0,0.0,0.0,0%,0,0%,0,0.0,15.9 (86%),4.3 (68%),0.0 (0%),1.8,4.7,0.1,0.5,3,0.1 (50%),0.8 (82%),0.4 (100%),0.2,0.3,0.0,1,1,1,SIN,,185 cm,Left,18,G,,,,,,,,,,,,1,,,,,,,,,,2.5,3.8 (61%),30,46,9.5,,,,,,,,,,,,,,,,,,,,,,,,,,,,,,,,,,,,,,,,,,,,,,,,,,,,,,,,,,,,,,,,,,,,,,,,,,,,,,,,,,,,,,,,,,,,,,,,,,,,,,,,,,,,,,,,,,,40 yrs,,,,,,,,,,,,,,,,,,,,,,,,,,,,,,,,,,,,,,,,,,,,
kai yamamoto,1,1,90,0,,0.0,0.0,0.0,0%,0,0%,0,0.0,12.0 (86%),0.0 (0%),0.0 (0%),1.0,2.0,0.0,0.0,0,0.0 (0%),0.0 (0%),0.0 (0%),0.0,0.0,0.0,0,0,0,JPN,,183 cm,Right,,G,,,,,,,,,,,,0,,,,,,,,,,4.0,7.0 (64%),4,7,4.0,,,,,,,,,,,,,,,,,,,,,,,,,,,,,,,,,,,,,,,,,,,,,,,,,,,,,,,,,,,,,,,,,,,,,,,,,,,,,,,,,,,,,,,,,,,,,,,,,,,,,,,,,,,,,,,,,,,,19 yrs,,,,,,,,,,,,,,,,,,,,,,,,,,,,,,,,,,,,,,,,,,,
muhammad zainol bin gulam mohamed,1,0,34,0,,0.0,0.0,0.0,0%,0,0%,0,0.0,6.0 (86%),1.0 (50%),0.0 (0%),0.0,2.0,0.0,0.0,0,0.0 (0%),0.0 (0%),0.0 (0%),0.0,0.0,0.0,0,0,0,SIN,,180 cm,Right,25,G,,,,,,,,,,,,0,,,,,,,,,,0.0,5.0 (100%),0,5,6.0,,,,,,,,,,,,,,,,,,,,,,,,,,,,,,,,,,,,,,,,,,,,,,,,,,,,,,,,,,,,,,,,,,,,,,,,,,,,,,,,,,,,,,,,,,,,,,,,,,,,,,,,,,,,,,,,,,,,,32 yrs,,,,,,,,,,,,,,,,,,,,,,,,,,,,,,,,,,,,,,,,,,
itsuki enomoto,14,14,90,9,154 min,0.6,2.5,1.2,26%,2/2,100%,1,0.6,18.1 (80%),0.6 (53%),0.1 (11%),2.9,3.4,0.3,1.3,9,2.2 (79%),9.9 (40%),4.5 (47%),1.6,1.4,0.7,3,0,0,JPN,,186 cm,Right,9,F,,,,,,,,,,,,,,,,,,,,,,,,,,,,,,,,,,,,,,,,,,,,,,,,,,,,,,,,,,,,,,,,,,,,,,,,,,,,,,,,,,,,,,,,,,,,,,,,,,,,,,,,,,,,,,,,,,,,,,,,,,,,,,,,,,,,,,,,,,,,,,,,24 yrs,,,,,,,,,,,,,,,,,,,,,,,,,,,,,,,,,,,,,,,,,
tan jonan,5,1,31,0,,0.0,0.6,0.0,0%,0,0%,0,0.4,5.4 (73%),0.4 (67%),0.2 (50%),1.0,2.2,0.8,0.4,1,1.6 (80%),3.4 (41%),0.2 (50%),0.4,0.4,0.2,0,0,0,SIN,,,Left,55,F,,,,,,,,,,,,,,,,,,,,,,,,,,,,,,,,,,,,,,,,,,,,,,,,,,,,,,,,,,,,,,,,,,,,,,,,,,,,,,,,,,,,,,,,,,,,,,,,,,,,,,,,,,,,,,,,,,,,,,,,,,,,,,,,,,,,,,,,,,,,,,,,,18 yrs,,,,,,,,,,,,,,,,,,,,,,,,,,,,,,,,,,,,,,,,
danish qayyum,9,7,52,1,464 min,0.1,0.9,0.6,13%,0,0%,0,0.4,11.2 (77%),0.3 (27%),1.0 (45%),1.2,1.9,1.0,0.7,1,1.9 (89%),4.1 (44%),0.3 (43%),0.2,0.9,0.0,1,0,0,SIN,,180 cm,Right,24,F,,,,,,,,,,,,,,,,,,,,,,,,,,,,,,,,,,,,,,,,,,,,,,,,,,,,,,,,,,,,,,,,,,,,,,,,,,,,,,,,,,,,,,,,,,,,,,,,,,,,,,,,,,,,,,,,,,,,,,,,,,,,,,,,,,,,,,,,,,,,,,,,,,22 yrs,,,,,,,,,,,,,,,,,,,,,,,,,,,,,,,,,,,,,,,
kan kobayashi,14,14,90,0,,0.0,1.3,0.5,0%,0,0%,4,2.2,43.4 (87%),2.9 (63%),0.6 (45%),4.6,5.6,1.1,1.1,12,0.7 (71%),3.8 (29%),0.9 (37%),0.6,0.4,0.1,2,0,0,SIN,,182 cm,Right,7,M,,,,,,,,,,,,,,,,,,,,,,,,,,,,,,,,,,,,,,,,,,,,,,,,,,,,,,,,,,,,,,,,,,,,,,,,,,,,,,,,,,,,,,,,,,,,,,,,,,,,,,,,,,,,,,,,,,,,,,,,,,,,,,,,,,,,,,,,,,,,,,,,,,,25 yrs,,,,,,,,,,,,,,,,,,,,,,,,,,,,,,,,,,,,,,
khairin nadim,14,9,64,1,900 min,0.1,0.6,0.1,11%,0,0%,1,0.4,12.2 (72%),0.6 (43%),0.4 (30%),1.1,2.6,1.1,0.4,7,1.7 (65%),4.3 (34%),0.0 (0%),0.9,0.3,0.3,2,0,0,SIN,,171 cm,,42,M,,,,,,,,,,,,,,,,,,,,,,,,,,,,,,,,,,,,,,,,,,,,,,,,,,,,,,,,,,,,,,,,,,,,,,,,,,,,,,,,,,,,,,,,,,,,,,,,,,,,,20 yrs,,,,,,,,,,,,,,,,,,,,,,,,,,,,,,,,,,,,,,,,,,,,,,,,,,,,,,,,,,,,,,,,,,,,,,,,,,,,,,,,,,,,
ogawa kaisei,14,14,90,0,,0.0,1.3,0.2,0%,0,0%,5,1.4,32.8 (90%),2.4 (63%),0.6 (57%),4.5,7.6,1.9,1.1,11,0.6 (82%),4.3 (35%),1.0 (44%),0.7,0.5,0.0,1,0,0,JPN,,180 cm,Right,8,M,,,,,,,,,,,,,,,,,,,,,,,,,,,,,,,,,,,,,,,,,,,,,,,,,,,,,,,,,,,,,,,,,,,,,,,,,,,,,,,,,,,,,,,,,,,,,,,,,,,,,,,,,,,,,,,,,,,,,,,,,,,,,,,,,,,,,,,,,,,,,,,,,,,,23 yrs,,,,,,,,,,,,,,,,,,,,,,,,,,,,,,,,,,,,,
fathullah rahmat,10,7,53,0,,0.0,0.4,0.0,0%,0,0%,0,0.1,15.1 (85%),1.0 (59%),0.1 (100%),2.4,4.2,1.6,0.3,3,0.4 (67%),1.9 (27%),0.2 (67%),1.1,0.2,0.0,3,0,0,SIN,,171 cm,Right,16,M,,,,,,,,,,,,,,,,,,,,,,,,,,,,,,,,,,,,,,,,,,,,,,,,,,,,,,,,,,,,,,,,,,,,,,,,,,,,,,,,,,,,,,,,,,,,,,,,,,,,,,,,,,,,,,,,,,,,,,,,,,,,,,,,,,,,,,,,,,,,,,,,,,,,,22 yrs,,,,,,,,,,,,,,,,,,,,,,,,,,,,,,,,,,,,
andrew aw yong rei,10,3,37,1,365 min,0.1,0.2,0.2,50%,0,0%,0,0.2,6.6 (77%),0.4 (57%),0.3 (33%),1.3,1.3,1.2,1.0,4,0.3 (75%),1.5 (20%),0.3 (50%),0.2,0.3,0.0,2,0,0,SIN,,165 cm,,19,M,,,,,,,,,,,,,,,,,,,,,,,,,,,,,,,,,,,,,,,,,,,,,,,,,,,,,,,,,,,,,,,,,,,,,,,,,,,,,,,,,,,,,,,,,,,,,,,,,,,,,,,,,,,,,,,,,,,,,,,,,,,,,,,,,,,,,,,,,,,,,,,,,,,,,,21 yrs,,,,,,,,,,,,,,,,,,,,,,,,,,,,,,,,,,,
ethan pinto,3,0,14,0,,0.0,0.3,0.0,0%,0,0%,0,0.0,2.3 (88%),0.0 (0%),0.0 (0%),0.0,0.0,0.3,0.0,1,0.0 (0%),0.3 (14%),0.0 (0%),0.7,0.3,0.0,1,0,0,SIN,,166 cm,,33,M,,,,,,,,,,,,,,,,,,,,,,,,,,,,,,,,,,,,,,,,,,,,,,,,,,,,,,,,,,,,,,,,,,,,,,,,,,,,,,,,,,,,,,,,,,,,,,,,,,,,,,,,,,,,,,,,,,,,,,,,,,,,,,,,,,,,,,,,,,,,,,,,,,,,,,,19 yrs,,,,,,,,,,,,,,,,,,,,,,,,,,,,,,,,,,
garv sahoo,2,0,38,0,,0.0,1.0,0.0,0%,0,0%,0,0.5,4.5 (82%),0.0 (0%),0.0 (0%),0.5,1.0,0.5,0.5,0,0.0 (0%),1.0 (25%),0.0 (0%),0.0,0.5,0.0,0,0,0,SIN,,,,27,M,,,,,,,,,,,,,,,,,,,,,,,,,,,,,,,,,,,,,,,,,,,,,,,,,,,,,,,,,,,,,,,,,,,,,,,,,,,,,,,,,,,,,,,,,,,,,,,,,,,,,,,,,,,,,,,,,,,,,,,,,,,,,,,,,,,,,,,,,,,,,,,,,,,,,,,,18 yrs,,,,,,,,,,,,,,,,,,,,,,,,,,,,,,,,,
nyqil iyyan,1,0,23,0,,0.0,1.0,0.0,0%,0,0%,0,0.0,7.0 (88%),0.0 (0%),0.0 (0%),0.0,2.0,0.0,0.0,0,2.0 (67%),4.0 (44%),0.0 (0%),0.0,0.0,0.0,0,0,0,SIN,,,,46,M,,,,,,,,,,,,,,,,,,,,,,,,,,,,,,,,,,,,,,,,,,,,,,,,,,,,,,,,,,,,,,,,,,,,,,,,,,,,,,,,,,,,,,,,,,,,,,,,,,,,,,,,,,,,,,,,,,,,,,,,,,,,,,,,,,,,,,,,,,,,,,,,,,,,,,,,,16 yrs,,,,,,,,,,,,,,,,,,,,,,,,,,,,,,,,
jun kobayashi,14,14,90,2,695 min,0.1,0.6,0.2,22%,0,0%,0,0.1,41.1 (88%),4.4 (57%),0.1 (50%),7.8,10.7,1.7,5.1,17,0.1 (50%),4.1 (46%),2.2 (69%),0.2,0.1,0.1,0,0,0,JPN,,187 cm,Right,5,D,,,,,,,,,,,,0,,,,,,,,,,,,,,,,,,,,,,,,,,,,,,,,,,,,,,,,,,,,,,,,,,,,,,,,,,,,,,,,,,,,,,,,,,,,,,,,,,,,,,,,,,,,,,,,,,,,,,,,,,,,,,,,,,,,,,,,,,,,,,,,,,,,,,,,,,,,,,25 yrs,,,,,,,,,,,,,,,,,,,,,,,,,,,,,,,
farhan zulkifli,14,9,76,4,266 min,0.3,1.4,0.9,20%,0,0%,3,0.7,14.1 (75%),0.5 (41%),0.6 (28%),1.0,2.3,1.4,0.1,5,2.5 (66%),5.3 (34%),0.1 (13%),0.4,1.5,0.3,1,0,0,SIN,,162 cm,,11,D,,,,,,,,,,,,0,,,,,,,,,,,,,,,,,,,,,,,,,,,,,,,,,,,,,,,,,,,,,,,,,,,,,,,,,,,,,,,,,,,,,,,,,,,,,,,,,,,,,,,,,,,,,,,,,,,,,,,,,,,,,,,,,,,,,,,,,,,,,,,,,,,,,,,,,,,,,,,21 yrs,,,,,,,,,,,,,,,,,,,,,,,,,,,,,,
kieran teo,12,11,90,1,1105 min,0.1,0.3,0.1,33%,0,0%,0,0.0,36.3 (84%),2.9 (49%),0.2 (50%),8.3,8.9,2.3,4.8,16,0.3 (80%),4.0 (30%),1.5 (39%),0.9,0.3,0.1,3,0,0,SIN,,,,15,D,,,,,,,,,,,,0,,,,,,,,,,,,,,,,,,,,,,,,,,,,,,,,,,,,,,,,,,,,,,,,,,,,,,,,,,,,,,,,,,,,,,,,,,,,,,,,,,,,,,,,,,,,,,,,,,,,,,,,,,,,,,,,,,,,,,,,,,,,,,,,,,,,,,,,,,,,,,,,20 yrs,,,,,,,,,,,,,,,,,,,,,,,,,,,,,
ryaan sanizal,7,5,71,0,,0.0,0.1,0.0,0%,0,0%,0,0.0,23.3 (90%),1.4 (63%),0.0 (0%),5.3,10.4,2.0,2.4,4,0.3 (50%),5.4 (54%),1.6 (61%),0.9,0.7,0.0,2,0,0,SIN,,175 cm,,31,D,,,,,,,,,,,,0,,,,,,,,,,,,,,,,,,,,,,,,,,,,,,,,,,,,,,,,,,,,,,,,,,,,,,,,,,,,,,,,,,,,,,,,,,,,,,,,,,,,,,,,,,,,,,,,,,,,,,,,,,,,,,,,,,,,,,,,,,,,,,,,,,,,,,,,,,,,,,,,,22 yrs,,,,,,,,,,,,,,,,,,,,,,,,,,,,
fairuz fazli,5,4,62,0,,0.0,0.0,0.0,0%,0,0%,0,0.4,12.6 (80%),0.6 (60%),0.6 (33%),2.2,3.4,4.6,1.4,3,0.2 (25%),3.6 (29%),0.2 (50%),1.0,1.0,0.0,1,0,0,SIN,,172 cm,Right,20,D,,,,,,,,,,,,0,,,,,,,,,,,,,,,,,,,,,,,,,,,,,,,,,,,,,,,,,,,,,,,,,,,,,,,,,,,,,,,,,,,,,,,,,,,,,,,,,,,,,,,,,,,,,,,,,,,,,,,,,,,,,,,,,,,,,,,,,,,,,,,,,,,,,,,,,,,,,,,,,,19 yrs,,,,,,,,,,,,,,,,,,,,,,,,,,,
danish haqimi,1,0,3,0,,0.0,0.0,0.0,0%,0,0%,0,0.0,2.0 (100%),0.0 (0%),0.0 (0%),0.0,1.0,0.0,0.0,0,0.0 (0%),1.0 (100%),1.0 (0%),0.0,0.0,0.0,0,0,0,SIN,,,,25,D,,,,,,,,,,,,0,,,,,,,,,,,,,,,,,,,,,,,,,,,,,,,,,,,,,,,,,,,,,,,,,,,,,,,,,,,,,,,,,,,,,,,,,,,,,,,,,,,,,,,,,,,,,,,,,,,,,,,,,,,,,,,,,,,,,,,,,,,,,,,,,,,,,,,,,,,,,,,,,,,17 yrs,,,,,,,,,,,,,,,,,,,,,,,,,,
abdullah nur adam,13,12,90,0,,0.0,0.1,0.0,0%,0,0%,0,1.0,26.2 (77%),1.7 (50%),1.0 (30%),2.8,4.8,1.5,1.1,6,1.4 (58%),4.1 (33%),0.5 (33%),0.9,0.4,0.2,2,0,0,SIN,,168 cm,Left,26,D,,,,,,,,,,,,0,,,,,,,,,,,,,,,,,,,,,,,,,,,,,,,,,,,,,,,,,,,,,,,,,,,,,,,,,,,,,,,,,,,,,,,,,,,,,,,,,,,,,,,,,,,,,,,,,,,,,,,,,,,,,,,,,,,,,,,,,,,,,,,,,,,,,,,,,,,,,,,,,,,,23 yrs,,,,,,,,,,,,,,,,,,,,,,,,,
yazid aqil,7,6,75,0,,0.0,0.0,0.0,0%,0,0%,0,0.0,14.7 (82%),1.3 (69%),0.0 (0%),3.7,5.4,3.7,3.1,8,0.4 (100%),3.1 (23%),0.9 (33%),0.7,0.6,0.0,0,0,0,SIN,,175 cm,Right,3,D,,,,,,,,,,,,0,,,,,,,,,,,,,,,,,,,,,,,,,,,,,,,,,,,,,,,,,,,,,,,,,,,,,,,,,,,,,,,,,,,,,,,,,,,,,,,,,,,,,,,,,,,,,,,,,,,,,,,,,,,,,,,,,,,,,,,,,,,,,,,,,,,,,,,,,,,,,,,,,,,,,20 yrs,,,,,,,,,,,,,,,,,,,,,,,,
syafi hilman,1,0,9,0,,0.0,0.0,0.0,0%,0,0%,0,0.0,1.0 (50%),0.0 (0%),0.0 (0%),3.0,0.0,0.0,1.0,1,0.0 (0%),1.0 (100%),1.0 (0%),0.0,0.0,0.0,0,0,0,SIN,,,,6,D,,,,,,,,,,,,0,,,,,,,,,,,,,,,,,,,,,,,,,,,,,,,,,,,,,,,,,,,,,,,,,,,,,,,,,,,,,,,,,,,,,,,,,,,,,,,,,,,,,,,,,,,,,,,,,,,,,,,,,,,,,,,,,,,,,,,,,,,,,,,,,,,,,,,,,,,,,,,,,,,,,,21 yrs,,,,,,,,,,,,,,,,,,,,,,,
mustaqim ikram mikhail,1,0,4,0,,0.0,0.0,0.0,0%,0,0%,0,0.0,1.0 (50%),1.0 (100%),0.0 (0%),0.0,0.0,0.0,0.0,0,0.0 (0%),0.0 (0%),0.0 (0%),0.0,0.0,0.0,0,0,0,SIN,,,,4,D,,,,,,,,,,,,0,,,,,,,,,,,,,,,,,,,,,,,,,,,,,,,,,,,,,,,,,,,,,,,,,,,,,,,,,,,,,,,,,,,,,,,,,,,,,,,,,,,,,,,,,,,,,,,,,,,,,,,,,,,,,,,,,,,,,,,,,,,,,,,,,,,,,,,,,,,,,,,,,,,,,,,19 yrs,,,,,,,,,,,,,,,,,,,,,,
raoul suhaimi,7,4,60,0,,0.0,0.7,0.1,0%,0,0%,0,0.4,15.1 (73%),0.9 (60%),1.0 (28%),2.1,6.0,1.4,0.1,3,1.0 (58%),5.4 (43%),1.4 (67%),0.6,0.9,0.0,2,1,1,SIN,,179 cm,,2,D,,,,,,,,,,,,0,,,,,,,,,,,,,,,,,,,,,,,,,,,,,,,,,,,,,,,,,,,,,,,,,,,,,,,,,,,,,,,,,,,,,,,,,,,,,,,,,,,,,,,,,,,,,,,,,,,,,,,,,,,,,,,,,,,,,,,,,,,,,,,,,,,,,,,,,,,,,,,,,,,,,,,,18 yrs,,,,,,,,,,,,,,,,,,,,,
sujuandy umayr,1,1,90,0,,0.0,0.0,0.0,0%,0,0%,0,0.0,17.0 (89%),4.0 (67%),0.0 (0%),1.0,3.0,0.0,1.0,0,0.0 (0%),1.0 (100%),1.0 (100%),0.0,1.0,0.0,0,0,0,SIN,,,,32,G,,,,,,,,,,,,0,,,,,,,,,,3.0,4.0 (57%),3,4,8.0,,,,,,,,,,,,,,,,,,,,,,,,,,,,,,,,,,,,,,,,,,,,,,,,,,,,,,,,,,,,,,,,,,,,,,,,,,,,,,,,,,,,,,,,,,,,,,,,,,,,,,,,,,,,,,,,,,,,,,,,,,,,,,,,,,,,,,,,,,,21 yrs,,,,,,,,,,,,,,,,,,,,
aizil yazid,8,8,90,0,,0.0,0.0,0.0,0%,0,0%,0,0.0,14.1 (88%),3.6 (71%),0.0 (0%),1.8,5.1,0.0,0.4,1,0.0 (0%),1.0 (89%),0.6 (83%),0.0,0.5,0.0,1,0,0,SIN,,177 cm,Right,1,G,,,,,,,,,,,,0,,,,,,,,,,3.1,4.8 (60%),25,38,9.8,,,,,,,,,,,,,,,,,,,,,,,,,,,,,,,,,,,,,,,,,,,,,,,,,,,,,,,,,,,,,,,,,,,,,,,,,,,,,,,,,,,,,,,,,,,,,,,,,,,,,,,,,,,,,,,,,,,,,,,,,,,,,,,,,,,,,,,,,,,,19 yrs,,,,,,,,,,,,,,,,,,,
ang travis,5,5,90,0,,0.0,0.0,0.0,0%,0,0%,0,0.0,13.0 (83%),4.0 (61%),0.0 (0%),1.8,3.8,0.0,0.2,0,0.0 (0%),0.6 (100%),0.2 (100%),0.0,0.2,0.0,0,0,0,SIN,,,,23,G,,,,,,,,,,,,0,,,,,,,,,,3.0,3.4 (53%),15,17,8.2,,,,,,,,,,,,,,,,,,,,,,,,,,,,,,,,,,,,,,,,,,,,,,,,,,,,,,,,,,,,,,,,,,,,,,,,,,,,,,,,,,,,,,,,,,,,,,,,,,,,,,,,,,,,,,,,,,,,,,,,,,,,,,,,,,,,,,,,,,,,,19 yrs,,,,,,,,,,,,,,,,,,
salif cisse,9,7,86,5,155 min,0.6,3.1,1.1,18%,0/1,0%,1,0.9,14.2 (73%),1.6 (67%),1.0 (35%),1.2,2.2,0.4,0.3,3,2.8 (66%),6.8 (35%),1.3 (48%),0.7,1.4,1.0,1,0,0,FRA,,187 cm,Right,9,F,,,,,,,,,,,,,,,,,,,,,,,,,,,,,,,,,,,,,,,,,,,,,,,,,,,,,,,,,,,,,,,,,,,,,,,,,,,,,,,,,,,,,,,,,,,,,,,,,,,,,,,,,,,,,,,,,,,,,,,,,,,,,,,,,,,,,,,,,,,,,,,,,,,,,,,,,,,,,,,,,,,,,,,,32 yrs,,,,,,,,,,,,,,,,,
shodai nishikawa,10,9,90,3,314 min,0.3,1.9,1.0,16%,0,0%,2,1.1,16.8 (80%),0.1 (17%),0.7 (47%),1.0,2.9,0.8,0.5,3,2.0 (80%),6.3 (43%),0.9 (50%),0.4,1.0,0.2,0,0,0,JPN,,166 cm,,25,F,,,,,,,,,,,,,,,,,,,,,,,,,,,,,,,,,,,,,,,,,,,,,,,,,,,,,,,,,,,,,,,,,,,,,,,,,,,,,,,,,,,,,,,,,,,,,,,,,,,,,,,,,,,,,,,,,,,,,,,,,,,,,,,,,,,,,,,,,,,,,,,,,,,,,,,,,,,,,,,,,,,,,,,,,30 yrs,,,,,,,,,,,,,,,,
syahadat masnawi,2,1,50,0,,0.0,3.0,1.5,0%,0,0%,0,0.5,5.0 (63%),0.0 (0%),0.0 (0%),1.5,1.5,0.0,0.0,0,1.0 (100%),3.0 (30%),0.5 (50%),2.0,0.5,0.0,0,0,0,SIN,,175 cm,Right,17,F,,,,,,,,,,,,,,,,,,,,,,,,,,,,,,,,,,,,,,,,,,,,,,,,,,,,,,,,,,,,,,,,,,,,,,,,,,,,,,,,,,,,,,,,,,,,,,,,,,,,,,,,,,,,,,,,,,,,,,,,,,,,,,,,,,,,,,,,,,,,,,,,,,,,,,,,,,,,,,,,,,,,,,,,,,22 yrs,,,,,,,,,,,,,,,
tomoki wada,12,12,90,0,,0.0,1.0,0.2,0%,0,0%,3,1.8,35.7 (84%),2.5 (49%),0.3 (27%),4.6,7.3,1.2,0.5,5,0.6 (70%),3.6 (35%),0.4 (33%),0.3,0.9,0.1,0,0,0,JPN,,172 cm,Right,10,M,,,,,,,,,,,,,,,,,,,,,,,,,,,,,,,,,,,,,,,,,,,,,,,,,,,,,,,,,,,,,,,,,,,,,,,,,,,,,,,,,,,,,,,,,,,,,,,,,,,,,,,,,,,,,,,,,,,,,,,,,,,,,,,,,,,,,,,,,,,,,,,,,,,,,,,,,,,,,,,,,,,,,,,,,,,29 yrs,,,,,,,,,,,,,,
sahil bin suhaimi,9,4,57,1,512 min,0.1,2.6,0.8,4%,0,0%,0,0.7,7.8 (74%),0.9 (67%),0.1 (14%),0.6,1.0,0.4,0.2,1,1.4 (93%),3.7 (45%),0.4 (29%),0.3,1.1,0.4,0,0,0,SIN,,173 cm,Right,32,M,,,,,,,,,,,,,,,,,,,,,,,,,,,,,,,,,,,,,,,,,,,,,,,,,,,,,,,,,,,,,,,,,,,,,,,,,,,,,,,,,,,,,,,,,,,,,,,,,,,,,,,,,,,,,,,,,,,,,,,,,,,,,,,,,,,,,,,,,,,,,,,,,,,,,,,,,,,,,,,,,,,,,,,,,,,,32 yrs,,,,,,,,,,,,,
stefan paunovic,10,10,90,1,900 min,0.1,1.4,0.4,7%,0,0%,0,0.5,28.4 (84%),1.6 (52%),0.0 (0%),4.6,5.7,1.5,1.2,4,0.5 (56%),4.0 (34%),0.5 (29%),0.8,0.4,0.0,2,0,0,SRB,,181 cm,Right,21,M,,,,,,,,,,,,,,,,,,,,,,,,,,,,,,,,,,,,,,,,,,,,,,,,,,,,,,,,,,,,,,,,,,,,,,,,,,,,,,,,,,,,,,,,,,,,,,,,,,,,,,,,,,,,,,,,,,,,,,,,,,,,,,,,,,,,,,,,,,,,,,,,,,,,,,,,,,,,,,,,,,,,,,,,,,,,,22 yrs,,,,,,,,,,,,
rezza rezky ramadhani,8,6,68,0,,0.0,0.4,0.1,0%,0,0%,0,0.4,17.3 (81%),0.5 (50%),0.1 (25%),1.0,3.5,0.6,0.0,1,0.4 (75%),2.9 (27%),0.1 (8%),0.3,0.4,0.1,0,1,1,SIN,,172 cm,,8,M,,,,,,,,,,,,,,,,,,,,,,,,,,,,,,,,,,,,,,,,,,,,,,,,,,,,,,,,,,,,,,,,,,,,,,,,,,,,,,,,,,,,,,,,,,,,,,,,,,,,,,,,,,,,,,,,,,,,,,,,,,,,,,,,,,,,,,,,,,,,,,,,,,,,,,,,,,,,,,,,,,,,,,,,,,,,,,23 yrs,,,,,,,,,,,
umar akhbar,1,0,7,0,,0.0,0.0,0.0,0%,0,0%,0,0.0,1.0 (50%),0.0 (0%),0.0 (0%),0.0,0.0,0.0,0.0,0,0.0 (0%),0.0 (0%),0.0 (0%),1.0,0.0,0.0,0,0,0,SIN,,164 cm,Right,14,M,,,,,,,,,,,,,,,,,,,,,,,,,,,,,,,,,,,,,,,,,,,,,,,,,,,,,,,,,,,,,,,,,,,,,,,,,,,,,,,,,,,,,,,,,,,,,,,,,,,,,,,,,,,,,,,,,,,,,,,,,,,,,,,,,,,,,,,,,,,,,,,,,,,,,,,,,,,,,,,,,,,,,,,,,,,,,,,28 yrs,,,,,,,,,,
azim akbar,4,1,20,0,,0.0,0.5,0.0,0%,0,0%,0,0.0,7.3 (78%),0.3 (33%),0.3 (50%),0.8,2.0,0.3,0.0,0,0.0 (0%),1.3 (56%),0.3 (50%),0.0,0.3,0.0,0,0,0,SIN,,178 cm,Right,6,M,,,,,,,,,,,,,,,,,,,,,,,,,,,,,,,,,,,,,,,,,,,,,,,,,,,,,,,,,,,,,,,,,,,,,,,,,,,,,,,,,,,,,,,,,,,,,,,,,,,,,,,,,,,,,,,,,,,,,,,,,,,,,,,,,,,,,,,,,,,,,,,,,,,,,,,,,,,,,,,,,,,,,,,,,,,,,,,,22 yrs,,,,,,,,,
daniel elfian,3,2,38,0,,0.0,0.0,0.0,0%,0,0%,0,0.0,10.7 (84%),0.7 (67%),0.0 (0%),2.7,2.7,0.3,0.0,1,0.0 (0%),1.3 (50%),0.0 (0%),0.0,0.0,0.0,0,0,0,SIN,,,,16,M,,,,,,,,,,,,,,,,,,,,,,,,,,,,,,,,,,,,,,,,,,,,,,,,,,,,,,,,,,,,,,,,,,,,,,,,,,,,,,,,,,,,,,,,,,,,,,,,,,,,,,,,,,,,,,,,,,,,,,,,,,,,,,,,,,,,,,,,,,,,,,,,,,,,,,,,,,,,,,,,,,,,,,,,,,,,,,,,,19 yrs,,,,,,,,
timur talipov,6,6,90,0,,0.0,0.7,0.0,0%,0,0%,0,0.2,23.0 (78%),5.5 (54%),0.0 (0%),4.5,6.5,3.3,1.8,9,1.3 (80%),4.2 (38%),0.8 (56%),0.7,0.2,0.0,0,0,0,UZB,,179 cm,Right,19,D,,,,,,,,,,,,0,,,,,,,,,,,,,,,,,,,,,,,,,,,,,,,,,,,,,,,,,,,,,,,,,,,,,,,,,,,,,,,,,,,,,,,,,,,,,,,,,,,,,,,,,,,,,,,,,,,,,,,,,,,,,,,,,,,,,,,,,,,,,,,,,,,,,,,,,,,,,,,,,,,,,,,,,,,,,,,,,,,,,,29 yrs,,,,,,,
akram azman,8,7,87,0,,0.0,0.4,0.1,0%,0,0%,0,0.9,18.5 (73%),1.1 (47%),0.8 (35%),4.9,6.8,3.8,2.8,7,1.4 (73%),6.6 (41%),1.6 (76%),0.9,0.8,0.0,2,0,0,SIN,,,Right,22,D,,,,,,,,,,,,0,,,,,,,,,,,,,,,,,,,,,,,,,,,,,,,,,,,,,,,,,,,,,,,,,,,23 yrs,,,,,,,,,,,,,,,,,,,,,,,,,,,,,,,,,,,,,,,,,,,,,,,,,,,,,,,,,,,,,,,,,,,,,,,,,,,,,,,,,,,,,,,,,,,,,,,,,,,,,,,,,,,,,,,,,,,,,,,,,,
shahrin saberin,4,2,56,0,,0.0,0.0,0.0,0%,0,0%,0,0.0,11.5 (72%),1.3 (42%),0.0 (0%),2.0,3.5,1.5,0.3,1,0.3 (100%),0.5 (13%),0.0 (0%),0.5,0.3,0.0,2,0,0,SIN,,179 cm,Right,3,D,,,,,,,,,,,,0,,,,,,,,,,,,,,,,,,,,,,,,,,,,,,,,,,,,,,,,,,,,,,,,,,,,,,,,,,,,,,,,,,,,,,,,,,,,,,,,,,,,,,,,,,,,,,,,,,,,,,,,,,,,,,,,,,,,,,,,,,,,,,,,,,,,,,,,,,,,,,,,,,,,,,,,,,,,,,,,,,,,,,,29 yrs,,,,,,
faizal roslan,11,11,90,1,1051 min,0.1,1.0,0.4,9%,1/1,100%,0,0.5,33.0 (79%),3.6 (56%),0.1 (6%),5.1,7.7,3.2,2.5,11,0.5 (100%),4.9 (36%),1.5 (53%),1.0,0.3,0.0,2,1,1,SIN,,181 cm,Right,15,D,,,,,,,,,,,,0,,,,,,,,,,,,,,,,,,,,,,,,,,,,,,,,,,,,,,,,,,,,,,,,,,,,,,,,,,,,,,,,,,,,,,,,,,,,,,,,,,,,,,,,,,,,,,,,,,,,,,,,,,,,,,,,,,,,,,,,,,,,,,,,,,,,,,,,,,,,,,,,,,,,,,,,,,,,,,,,,,,,,,,,29 yrs,,,,,
syed akmal,12,10,81,0,,0.0,0.3,0.1,0%,0,0%,0,0.1,29.8 (86%),3.6 (52%),0.1 (25%),4.2,7.6,1.7,2.1,4,0.0 (0%),2.3 (31%),0.9 (55%),0.8,0.3,0.0,1,1,1,SIN,,,,5,D,,,,,,,,,,,,0,,,,,,,,,,,,,,,,,,,,,,,,,,,,,,,,,,,,,,,,,,,,,,,,,,,,,,,,,,,,,,,,,,,,,,,,,,,,,,,,,,,,,,,,,,,,,,,,,,,,,,,,,,,,,,,,,,,,,,,,,,,,,,,,,,,,,,,,,,,,,,,,,,,,,,,,,,,,,,,,,,,,,,,,,24 yrs,,,,
seddon casey,1,0,51,0,,0.0,0.0,0.0,0%,0,0%,0,0.0,9.0 (69%),0.0 (0%),0.0 (0%),0.0,3.0,2.0,0.0,0,1.0 (100%),8.0 (53%),1.0 (33%),0.0,2.0,1.0,0,0,0,ENG,,178 cm,,54,D,,,,,,,,,,,,0,,,,,,,,,,,,,,,,,,,,,,,,,,,,,,,,,,,,,,,,,,,,,,,,,,,,,,,,,,,,,,,,,,,,,,,,,,,,,,,,,,,,,,,,,,,,,,,,,,,,,,,,,,,,,,,,,,,,,,,,,,,,,,,,,,,,,,,,,,,,,,,,,,,,,,,,,,,,,,,,,,,,,,,,,,17 yrs,,,
fashah iskandar,4,4,90,0,,0.0,0.0,0.0,0%,0,0%,0,0.0,11.0 (61%),3.3 (36%),0.0 (0%),4.5,7.0,0.0,1.0,2,0.0 (0%),0.5 (67%),0.3 (100%),0.0,0.3,0.0,0,0,0,SIN,,187 cm,Right,18,G,,,,,,,,,,,,0,,,,,,,,,,3.0,4.5 (60%),12,18,12.0,,,,,,,,,,,,,,,,,,,,,,,,,,,,,,,,,,,,,,,,,,,,,,,,,,,,,,,,,,,,,,,,,,,,,,,,,,,,,,,,,,,,,,,,,,,,,,,,,,,,,,,,,,,,,,,,,,,,,,,,,,,,,,,,,,,,,,,,,,,,,,,,,,,,,,,,,,,,,29 yrs,,
prathip ekamparam,7,6,90,0,,0.0,0.0,0.0,0%,0,0%,0,0.0,14.1 (85%),1.0 (35%),0.0 (0%),2.7,4.9,0.3,0.9,2,0.0 (0%),1.0 (88%),0.7 (100%),0.0,0.1,0.0,0,0,0,SIN,,187 cm,Right,1,G,,,,,,,,,,,,0,,,,,,,,,,2.6,4.4 (63%),18,31,9.4,,,,,,,,,,,,,,,,,,,,,,,,,,,,,,,,,,,,,,,,,,,,,,,,,,,,,,,,,,,,,,,,,,,,,,,,,,,,,,,,,,,,,,,,,,,,,,,,,,,,,,,,,,,,,,,,,,,,,,,,,,,,,,,,,,,,,,,,,,,,,,,,,,,,,,,,,,,,,,23 yrs,
riki kimura,2,2,72,0,,0.0,0.0,0.0,0%,0,0%,0,0.0,11.0 (88%),2.0 (57%),0.0 (0%),2.0,3.5,0.0,0.0,0,0.0 (0%),0.5 (100%),0.5 (100%),0.0,0.5,0.0,0,0,0,SIN,,190 cm,,28,G,,,,,,,,,,,,0,,,,,,,,,,2.5,1.5 (38%),5,3,9.0,,,,,,,,,,,,,,,,,,,,,,,,,,,,,,,,,,,,,,,,,,,,,,,,,,,,,,,,,,,,,,,,,,,,,,,,,,,,,,,,,,,,,,,,,,,,,,,,,,,,,,,,,,,,,,,,,,,,,,,,,,,,,,,,,,,,,,,,,,,,,,,,,,,,,,,,,,,,,,,23 yrs
